district,partisan_lean (%),state_name,Republican/lean Rep.,No lean,Democrat/lean Dem.,lean sample size,firearm ownership,firearm ownership margin of error,has_gun_in_house_True,has_gun_in_house_False,is_gun_owner_True,is_gun_owner_False,political_lean_center,political_lean_right,political_lean_left,lean_sum,right_only_flag,body,model
AK-1,-14.6111,Alaska,0.39,0.29,0.32,310.0,0.572,0.032,0.572,0.42800000000000005,0.572,0.42800000000000005,0.0,0.5730554999999999,0.4269445,0.0,0.0,house,without_center
AL-1,-31.6703,Alabama,0.52,0.13,0.35,511.0,0.528,0.028,0.528,0.472,0.528,0.472,0.0,0.6583515,0.3416485,0.0,0.0,house,without_center
AL-2,-33.47084,Alabama,0.52,0.13,0.35,511.0,0.528,0.028,0.528,0.472,0.528,0.472,0.0,0.6673542,0.3326458,0.0,0.0,house,without_center
AL-3,-39.00137,Alabama,0.52,0.13,0.35,511.0,0.528,0.028,0.528,0.472,0.528,0.472,0.0,0.69500685,0.30499315,0.0,0.0,house,without_center
AL-4,-64.80537,Alabama,0.52,0.13,0.35,511.0,0.528,0.028,0.528,0.472,0.528,0.472,0.0,0.82402685,0.17597315000000002,0.0,0.0,house,without_center
AL-5,-32.03314,Alabama,0.52,0.13,0.35,511.0,0.528,0.028,0.528,0.472,0.528,0.472,0.0,0.6601657000000001,0.3398343,0.0,0.0,house,without_center
AL-6,-35.87194,Alabama,0.52,0.13,0.35,511.0,0.528,0.028,0.528,0.472,0.528,0.472,0.0,0.6793597,0.3206403,0.0,0.0,house,without_center
AL-7,28.7539,Alabama,0.52,0.13,0.35,511.0,0.528,0.028,0.528,0.472,0.528,0.472,0.0,0.3562305,0.6437695,0.0,0.0,house,without_center
AR-1,-43.32125,Arkansas,0.46,0.16,0.38,311.0,0.518,0.028,0.518,0.482,0.518,0.482,0.0,0.71660625,0.28339375,0.0,0.0,house,without_center
AR-2,-16.87272,Arkansas,0.46,0.16,0.38,311.0,0.518,0.028,0.518,0.482,0.518,0.482,0.0,0.5843636,0.4156364,0.0,0.0,house,without_center
AR-3,-28.57066,Arkansas,0.46,0.16,0.38,311.0,0.518,0.028,0.518,0.482,0.518,0.482,0.0,0.6428533,0.35714670000000004,0.0,0.0,house,without_center
AR-4,-38.83622,Arkansas,0.46,0.16,0.38,311.0,0.518,0.028,0.518,0.482,0.518,0.482,0.0,0.6941811,0.3058189,0.0,0.0,house,without_center
AZ-1,-6.512875,Arizona,0.4,0.21,0.39,653.0,0.36,0.028,0.36,0.64,0.36,0.64,0.0,0.532564375,0.467435625,0.0,0.0,house,without_center
AZ-2,-15.10014,Arizona,0.4,0.21,0.39,653.0,0.36,0.028,0.36,0.64,0.36,0.64,0.0,0.5755007,0.4244993,0.0,0.0,house,without_center
AZ-3,44.18386,Arizona,0.4,0.21,0.39,653.0,0.36,0.028,0.36,0.64,0.36,0.64,0.0,0.27908069999999996,0.7209193,0.0,0.0,house,without_center
AZ-4,1.464125,Arizona,0.4,0.21,0.39,653.0,0.36,0.028,0.36,0.64,0.36,0.64,0.0,0.492679375,0.507320625,0.0,0.0,house,without_center
AZ-5,-23.90548,Arizona,0.4,0.21,0.39,653.0,0.36,0.028,0.36,0.64,0.36,0.64,0.0,0.6195274,0.3804726,0.0,0.0,house,without_center
AZ-6,-6.932475,Arizona,0.4,0.21,0.39,653.0,0.36,0.028,0.36,0.64,0.36,0.64,0.0,0.534662375,0.465337625,0.0,0.0,house,without_center
AZ-7,27.01756,Arizona,0.4,0.21,0.39,653.0,0.36,0.028,0.36,0.64,0.36,0.64,0.0,0.3649122,0.6350878,0.0,0.0,house,without_center
AZ-8,-21.53168,Arizona,0.4,0.21,0.39,653.0,0.36,0.028,0.36,0.64,0.36,0.64,0.0,0.6076584,0.3923416,0.0,0.0,house,without_center
AZ-9,-33.10751,Arizona,0.4,0.21,0.39,653.0,0.36,0.028,0.36,0.64,0.36,0.64,0.0,0.66553755,0.33446245,0.0,0.0,house,without_center
CA-1,-24.24,California,0.3,0.21,0.49,3697.0,0.163,0.028,0.163,0.837,0.163,0.837,0.0,0.6212,0.3788,0.0,0.0,house,without_center
CA-2,44.6589,California,0.3,0.21,0.49,3697.0,0.163,0.028,0.163,0.837,0.163,0.837,0.0,0.2767055,0.7232945,0.0,0.0,house,without_center
CA-3,-7.48173,California,0.3,0.21,0.49,3697.0,0.163,0.028,0.163,0.837,0.163,0.837,0.0,0.53740865,0.46259135,0.0,0.0,house,without_center
CA-4,31.46477,California,0.3,0.21,0.49,3697.0,0.163,0.028,0.163,0.837,0.163,0.837,0.0,0.34267614999999996,0.65732385,0.0,0.0,house,without_center
CA-5,-16.82833,California,0.3,0.21,0.49,3697.0,0.163,0.028,0.163,0.837,0.163,0.837,0.0,0.5841416500000001,0.41585835,0.0,0.0,house,without_center
CA-6,14.1761,California,0.3,0.21,0.49,3697.0,0.163,0.028,0.163,0.837,0.163,0.837,0.0,0.4291195,0.5708805,0.0,0.0,house,without_center
CA-7,33.91067,California,0.3,0.21,0.49,3697.0,0.163,0.028,0.163,0.837,0.163,0.837,0.0,0.33044664999999995,0.66955335,0.0,0.0,house,without_center
CA-8,50.61904,California,0.3,0.21,0.49,3697.0,0.163,0.028,0.163,0.837,0.163,0.837,0.0,0.24690480000000004,0.7530952,0.0,0.0,house,without_center
CA-9,8.710836,California,0.3,0.21,0.49,3697.0,0.163,0.028,0.163,0.837,0.163,0.837,0.0,0.45644582,0.54355418,0.0,0.0,house,without_center
CA-10,34.2542,California,0.3,0.21,0.49,3697.0,0.163,0.028,0.163,0.837,0.163,0.837,0.0,0.32872900000000005,0.671271,0.0,0.0,house,without_center
CA-11,71.46574,California,0.3,0.21,0.49,3697.0,0.163,0.028,0.163,0.837,0.163,0.837,0.0,0.1426713,0.8573287,0.0,0.0,house,without_center
CA-12,76.76467,California,0.3,0.21,0.49,3697.0,0.163,0.028,0.163,0.837,0.163,0.837,0.0,0.11617665000000005,0.8838233499999999,0.0,0.0,house,without_center
CA-13,7.451671,California,0.3,0.21,0.49,3697.0,0.163,0.028,0.163,0.837,0.163,0.837,0.0,0.462741645,0.537258355,0.0,0.0,house,without_center
CA-14,41.99284,California,0.3,0.21,0.49,3697.0,0.163,0.028,0.163,0.837,0.163,0.837,0.0,0.29003579999999995,0.7099642,0.0,0.0,house,without_center
CA-15,54.17324,California,0.3,0.21,0.49,3697.0,0.163,0.028,0.163,0.837,0.163,0.837,0.0,0.2291338,0.7708662,0.0,0.0,house,without_center
CA-16,49.6167,California,0.3,0.21,0.49,3697.0,0.163,0.028,0.163,0.837,0.163,0.837,0.0,0.2519165,0.7480835,0.0,0.0,house,without_center
CA-17,45.6632,California,0.3,0.21,0.49,3697.0,0.163,0.028,0.163,0.837,0.163,0.837,0.0,0.271684,0.728316,0.0,0.0,house,without_center
CA-18,41.7609,California,0.3,0.21,0.49,3697.0,0.163,0.028,0.163,0.837,0.163,0.837,0.0,0.2911955,0.7088045000000001,0.0,0.0,house,without_center
CA-19,35.66684,California,0.3,0.21,0.49,3697.0,0.163,0.028,0.163,0.837,0.163,0.837,0.0,0.3216658,0.6783342,0.0,0.0,house,without_center
CA-20,-30.45263,California,0.3,0.21,0.49,3697.0,0.163,0.028,0.163,0.837,0.163,0.837,0.0,0.65226315,0.34773685,0.0,0.0,house,without_center
CA-21,16.22807,California,0.3,0.21,0.49,3697.0,0.163,0.028,0.163,0.837,0.163,0.837,0.0,0.41885965000000003,0.58114035,0.0,0.0,house,without_center
CA-22,10.3146,California,0.3,0.21,0.49,3697.0,0.163,0.028,0.163,0.837,0.163,0.837,0.0,0.448427,0.551573,0.0,0.0,house,without_center
CA-23,-15.2223,California,0.3,0.21,0.49,3697.0,0.163,0.028,0.163,0.837,0.163,0.837,0.0,0.5761115,0.4238885,0.0,0.0,house,without_center
CA-24,23.94737,California,0.3,0.21,0.49,3697.0,0.163,0.028,0.163,0.837,0.163,0.837,0.0,0.38026315,0.61973685,0.0,0.0,house,without_center
CA-25,12.1035,California,0.3,0.21,0.49,3697.0,0.163,0.028,0.163,0.837,0.163,0.837,0.0,0.4394825,0.5605175,0.0,0.0,house,without_center
CA-26,15.22424,California,0.3,0.21,0.49,3697.0,0.163,0.028,0.163,0.837,0.163,0.837,0.0,0.4238788,0.5761212,0.0,0.0,house,without_center
CA-27,7.75737,California,0.3,0.21,0.49,3697.0,0.163,0.028,0.163,0.837,0.163,0.837,0.0,0.46121315,0.53878685,0.0,0.0,house,without_center
CA-28,30.3726,California,0.3,0.21,0.49,3697.0,0.163,0.028,0.163,0.837,0.163,0.837,0.0,0.34813700000000003,0.651863,0.0,0.0,house,without_center
CA-29,50.88554,California,0.3,0.21,0.49,3697.0,0.163,0.028,0.163,0.837,0.163,0.837,0.0,0.24557230000000002,0.7544276999999999,0.0,0.0,house,without_center
CA-30,44.7397,California,0.3,0.21,0.49,3697.0,0.163,0.028,0.163,0.837,0.163,0.837,0.0,0.2763015,0.7236985,0.0,0.0,house,without_center
CA-31,29.31257,California,0.3,0.21,0.49,3697.0,0.163,0.028,0.163,0.837,0.163,0.837,0.0,0.35343715,0.64656285,0.0,0.0,house,without_center
CA-32,38.44873,California,0.3,0.21,0.49,3697.0,0.163,0.028,0.163,0.837,0.163,0.837,0.0,0.30775635,0.69224365,0.0,0.0,house,without_center
CA-33,23.13004,California,0.3,0.21,0.49,3697.0,0.163,0.028,0.163,0.837,0.163,0.837,0.0,0.38434979999999996,0.6156502,0.0,0.0,house,without_center
CA-34,63.6506,California,0.3,0.21,0.49,3697.0,0.163,0.028,0.163,0.837,0.163,0.837,0.0,0.181747,0.818253,0.0,0.0,house,without_center
CA-35,26.4464,California,0.3,0.21,0.49,3697.0,0.163,0.028,0.163,0.837,0.163,0.837,0.0,0.367768,0.632232,0.0,0.0,house,without_center
CA-36,40.48007,California,0.3,0.21,0.49,3697.0,0.163,0.028,0.163,0.837,0.163,0.837,0.0,0.29759965,0.70240035,0.0,0.0,house,without_center
CA-37,72.13327,California,0.3,0.21,0.49,3697.0,0.163,0.028,0.163,0.837,0.163,0.837,0.0,0.13933365000000003,0.86066635,0.0,0.0,house,without_center
CA-38,28.38617,California,0.3,0.21,0.49,3697.0,0.163,0.028,0.163,0.837,0.163,0.837,0.0,0.35806915,0.64193085,0.0,0.0,house,without_center
CA-39,23.33524,California,0.3,0.21,0.49,3697.0,0.163,0.028,0.163,0.837,0.163,0.837,0.0,0.3833238,0.6166762,0.0,0.0,house,without_center
CA-40,-3.841196,California,0.3,0.21,0.49,3697.0,0.163,0.028,0.163,0.837,0.163,0.837,0.0,0.51920598,0.48079402,0.0,0.0,house,without_center
CA-41,-6.348963,California,0.3,0.21,0.49,3697.0,0.163,0.028,0.163,0.837,0.163,0.837,0.0,0.531744815,0.468255185,0.0,0.0,house,without_center
CA-42,43.72557,California,0.3,0.21,0.49,3697.0,0.163,0.028,0.163,0.837,0.163,0.837,0.0,0.28137215000000004,0.71862785,0.0,0.0,house,without_center
CA-43,63.03647,California,0.3,0.21,0.49,3697.0,0.163,0.028,0.163,0.837,0.163,0.837,0.0,0.18481765,0.81518235,0.0,0.0,house,without_center
CA-44,47.29814,California,0.3,0.21,0.49,3697.0,0.163,0.028,0.163,0.837,0.163,0.837,0.0,0.26350930000000006,0.7364906999999999,0.0,0.0,house,without_center
CA-45,4.789704,California,0.3,0.21,0.49,3697.0,0.163,0.028,0.163,0.837,0.163,0.837,0.0,0.47605147999999997,0.52394852,0.0,0.0,house,without_center
CA-46,29.68361,California,0.3,0.21,0.49,3697.0,0.163,0.028,0.163,0.837,0.163,0.837,0.0,0.35158195000000003,0.64841805,0.0,0.0,house,without_center
CA-47,6.151937,California,0.3,0.21,0.49,3697.0,0.163,0.028,0.163,0.837,0.163,0.837,0.0,0.469240315,0.530759685,0.0,0.0,house,without_center
CA-48,-18.60836,California,0.3,0.21,0.49,3697.0,0.163,0.028,0.163,0.837,0.163,0.837,0.0,0.5930418,0.4069582,0.0,0.0,house,without_center
CA-49,5.716237,California,0.3,0.21,0.49,3697.0,0.163,0.028,0.163,0.837,0.163,0.837,0.0,0.471418815,0.528581185,0.0,0.0,house,without_center
CA-50,27.5448,California,0.3,0.21,0.49,3697.0,0.163,0.028,0.163,0.837,0.163,0.837,0.0,0.36227600000000004,0.637724,0.0,0.0,house,without_center
CA-51,22.2579,California,0.3,0.21,0.49,3697.0,0.163,0.028,0.163,0.837,0.163,0.837,0.0,0.3887105,0.6112895,0.0,0.0,house,without_center
CA-52,36.35247,California,0.3,0.21,0.49,3697.0,0.163,0.028,0.163,0.837,0.163,0.837,0.0,0.31823765000000004,0.68176235,0.0,0.0,house,without_center
CO-1,55.20527,Colorado,0.41,0.17,0.42,504.0,0.379,0.028,0.379,0.621,0.379,0.621,0.0,0.22397365000000002,0.77602635,0.0,0.0,house,without_center
CO-2,32.81107,Colorado,0.41,0.17,0.42,504.0,0.379,0.028,0.379,0.621,0.379,0.621,0.0,0.33594464999999996,0.66405535,0.0,0.0,house,without_center
CO-3,-14.34963,Colorado,0.41,0.17,0.42,504.0,0.379,0.028,0.379,0.621,0.379,0.621,0.0,0.57174815,0.42825185,0.0,0.0,house,without_center
CO-4,-25.3082,Colorado,0.41,0.17,0.42,504.0,0.379,0.028,0.379,0.621,0.379,0.621,0.0,0.626541,0.373459,0.0,0.0,house,without_center
CO-5,-17.88243,Colorado,0.41,0.17,0.42,504.0,0.379,0.028,0.379,0.621,0.379,0.621,0.0,0.58941215,0.41058785,0.0,0.0,house,without_center
CO-6,16.72773,Colorado,0.41,0.17,0.42,504.0,0.379,0.028,0.379,0.621,0.379,0.621,0.0,0.41636134999999996,0.58363865,0.0,0.0,house,without_center
CO-7,5.924933,Colorado,0.41,0.17,0.42,504.0,0.379,0.028,0.379,0.621,0.379,0.621,0.0,0.470375335,0.529624665,0.0,0.0,house,without_center
CO-8,-2.542467,Colorado,0.41,0.17,0.42,504.0,0.379,0.028,0.379,0.621,0.379,0.621,0.0,0.512712335,0.487287665,0.0,0.0,house,without_center
CT-1,20.56025,Connecticut,0.32,0.18,0.5,377.0,0.188,0.028,0.188,0.812,0.188,0.812,0.0,0.39719875,0.60280125,0.0,0.0,house,without_center
CT-2,2.942917,Connecticut,0.32,0.18,0.5,377.0,0.188,0.028,0.188,0.812,0.188,0.812,0.0,0.485285415,0.514714585,0.0,0.0,house,without_center
CT-3,11.91095,Connecticut,0.32,0.18,0.5,377.0,0.188,0.028,0.188,0.812,0.188,0.812,0.0,0.44044525,0.55955475,0.0,0.0,house,without_center
CT-4,23.32058,Connecticut,0.32,0.18,0.5,377.0,0.188,0.028,0.188,0.812,0.188,0.812,0.0,0.3833971,0.6166029,0.0,0.0,house,without_center
CT-5,2.564117,Connecticut,0.32,0.18,0.5,377.0,0.188,0.028,0.188,0.812,0.188,0.812,0.0,0.487179415,0.512820585,0.0,0.0,house,without_center
DE-1,13.92317,Delaware,0.29,0.17,0.55,301.0,0.387,0.028,0.387,0.613,0.387,0.613,0.0,0.43038414999999997,0.56961585,0.0,0.0,house,without_center
FL-1,-37.97575,Florida,0.37,0.19,0.44,2020.0,0.288,0.028,0.288,0.712,0.288,0.712,0.0,0.68987875,0.31012125,0.0,0.0,house,without_center
FL-2,-16.45658,Florida,0.37,0.19,0.44,2020.0,0.288,0.028,0.288,0.712,0.288,0.712,0.0,0.5822829,0.4177171,0.0,0.0,house,without_center
FL-3,-18.11241,Florida,0.37,0.19,0.44,2020.0,0.288,0.028,0.288,0.712,0.288,0.712,0.0,0.59056205,0.40943795,0.0,0.0,house,without_center
FL-4,-15.25688,Florida,0.37,0.19,0.44,2020.0,0.288,0.028,0.288,0.712,0.288,0.712,0.0,0.5762844,0.42371559999999997,0.0,0.0,house,without_center
FL-5,-23.23915,Florida,0.37,0.19,0.44,2020.0,0.288,0.028,0.288,0.712,0.288,0.712,0.0,0.6161957499999999,0.38380425,0.0,0.0,house,without_center
FL-6,-27.74971,Florida,0.37,0.19,0.44,2020.0,0.288,0.028,0.288,0.712,0.288,0.712,0.0,0.63874855,0.36125145000000003,0.0,0.0,house,without_center
FL-7,-13.93371,Florida,0.37,0.19,0.44,2020.0,0.288,0.028,0.288,0.712,0.288,0.712,0.0,0.56966855,0.43033145,0.0,0.0,house,without_center
FL-8,-22.96675,Florida,0.37,0.19,0.44,2020.0,0.288,0.028,0.288,0.712,0.288,0.712,0.0,0.6148337500000001,0.38516625,0.0,0.0,house,without_center
FL-9,15.97086,Florida,0.37,0.19,0.44,2020.0,0.288,0.028,0.288,0.712,0.288,0.712,0.0,0.4201457,0.5798543,0.0,0.0,house,without_center
FL-10,29.01435,Florida,0.37,0.19,0.44,2020.0,0.288,0.028,0.288,0.712,0.288,0.712,0.0,0.35492825,0.64507175,0.0,0.0,house,without_center
FL-11,-19.28234,Florida,0.37,0.19,0.44,2020.0,0.288,0.028,0.288,0.712,0.288,0.712,0.0,0.5964117,0.4035883,0.0,0.0,house,without_center
FL-12,-33.99388,Florida,0.37,0.19,0.44,2020.0,0.288,0.028,0.288,0.712,0.288,0.712,0.0,0.6699694,0.3300306,0.0,0.0,house,without_center
FL-13,-12.16665,Florida,0.37,0.19,0.44,2020.0,0.288,0.028,0.288,0.712,0.288,0.712,0.0,0.56083325,0.43916675,0.0,0.0,house,without_center
FL-14,13.98686,Florida,0.37,0.19,0.44,2020.0,0.288,0.028,0.288,0.712,0.288,0.712,0.0,0.4300657,0.5699343,0.0,0.0,house,without_center
FL-15,-7.097845,Florida,0.37,0.19,0.44,2020.0,0.288,0.028,0.288,0.712,0.288,0.712,0.0,0.535489225,0.464510775,0.0,0.0,house,without_center
FL-16,-12.77148,Florida,0.37,0.19,0.44,2020.0,0.288,0.028,0.288,0.712,0.288,0.712,0.0,0.5638574000000001,0.4361426,0.0,0.0,house,without_center
FL-17,-22.32818,Florida,0.37,0.19,0.44,2020.0,0.288,0.028,0.288,0.712,0.288,0.712,0.0,0.6116409,0.3883591,0.0,0.0,house,without_center
FL-18,-29.25595,Florida,0.37,0.19,0.44,2020.0,0.288,0.028,0.288,0.712,0.288,0.712,0.0,0.6462797499999999,0.35372025,0.0,0.0,house,without_center
FL-19,-26.32021,Florida,0.37,0.19,0.44,2020.0,0.288,0.028,0.288,0.712,0.288,0.712,0.0,0.63160105,0.36839895,0.0,0.0,house,without_center
FL-20,49.15519,Florida,0.37,0.19,0.44,2020.0,0.288,0.028,0.288,0.712,0.288,0.712,0.0,0.25422405000000003,0.74577595,0.0,0.0,house,without_center
FL-21,-13.59898,Florida,0.37,0.19,0.44,2020.0,0.288,0.028,0.288,0.712,0.288,0.712,0.0,0.5679949,0.43200510000000003,0.0,0.0,house,without_center
FL-22,13.69462,Florida,0.37,0.19,0.44,2020.0,0.288,0.028,0.288,0.712,0.288,0.712,0.0,0.4315269,0.5684731000000001,0.0,0.0,house,without_center
FL-23,8.813388,Florida,0.37,0.19,0.44,2020.0,0.288,0.028,0.288,0.712,0.288,0.712,0.0,0.45593306,0.54406694,0.0,0.0,house,without_center
FL-24,50.99162,Florida,0.37,0.19,0.44,2020.0,0.288,0.028,0.288,0.712,0.288,0.712,0.0,0.24504190000000003,0.7549581,0.0,0.0,house,without_center
FL-25,17.96772,Florida,0.37,0.19,0.44,2020.0,0.288,0.028,0.288,0.712,0.288,0.712,0.0,0.4101614,0.5898386,0.0,0.0,house,without_center
FL-26,-13.60448,Florida,0.37,0.19,0.44,2020.0,0.288,0.028,0.288,0.712,0.288,0.712,0.0,0.5680224,0.4319776,0.0,0.0,house,without_center
FL-27,0.8268887,Florida,0.37,0.19,0.44,2020.0,0.288,0.028,0.288,0.712,0.288,0.712,0.0,0.4958655565,0.5041344435,0.0,0.0,house,without_center
FL-28,-3.899812,Florida,0.37,0.19,0.44,2020.0,0.288,0.028,0.288,0.712,0.288,0.712,0.0,0.51949906,0.48050094,0.0,0.0,house,without_center
GA-1,-19.51325,Georgia,0.41,0.18,0.41,968.0,0.377,0.028,0.377,0.623,0.377,0.623,0.0,0.59756625,0.40243375000000003,0.0,0.0,house,without_center
GA-2,4.303485,Georgia,0.41,0.18,0.41,968.0,0.377,0.028,0.377,0.623,0.377,0.623,0.0,0.478482575,0.521517425,0.0,0.0,house,without_center
GA-3,-37.72735,Georgia,0.41,0.18,0.41,968.0,0.377,0.028,0.377,0.623,0.377,0.623,0.0,0.68863675,0.31136325,0.0,0.0,house,without_center
GA-4,50.03138,Georgia,0.41,0.18,0.41,968.0,0.377,0.028,0.377,0.623,0.377,0.623,0.0,0.24984309999999998,0.7501569,0.0,0.0,house,without_center
GA-5,59.93855,Georgia,0.41,0.18,0.41,968.0,0.377,0.028,0.377,0.623,0.377,0.623,0.0,0.20030725,0.79969275,0.0,0.0,house,without_center
GA-6,-24.23505,Georgia,0.41,0.18,0.41,968.0,0.377,0.028,0.377,0.623,0.377,0.623,0.0,0.6211752500000001,0.37882475,0.0,0.0,house,without_center
GA-7,16.06375,Georgia,0.41,0.18,0.41,968.0,0.377,0.028,0.377,0.623,0.377,0.623,0.0,0.41968125,0.58031875,0.0,0.0,house,without_center
GA-8,-34.56982,Georgia,0.41,0.18,0.41,968.0,0.377,0.028,0.377,0.623,0.377,0.623,0.0,0.6728491,0.3271509,0.0,0.0,house,without_center
GA-9,-46.10865,Georgia,0.41,0.18,0.41,968.0,0.377,0.028,0.377,0.623,0.377,0.623,0.0,0.73054325,0.26945675,0.0,0.0,house,without_center
GA-10,-31.15672,Georgia,0.41,0.18,0.41,968.0,0.377,0.028,0.377,0.623,0.377,0.623,0.0,0.6557836,0.3442164,0.0,0.0,house,without_center
GA-11,-24.05728,Georgia,0.41,0.18,0.41,968.0,0.377,0.028,0.377,0.623,0.377,0.623,0.0,0.6202864,0.3797136,0.0,0.0,house,without_center
GA-12,-16.87351,Georgia,0.41,0.18,0.41,968.0,0.377,0.028,0.377,0.623,0.377,0.623,0.0,0.58436755,0.41563245,0.0,0.0,house,without_center
GA-13,52.45722,Georgia,0.41,0.18,0.41,968.0,0.377,0.028,0.377,0.623,0.377,0.623,0.0,0.23771389999999998,0.7622861000000001,0.0,0.0,house,without_center
GA-14,-45.16958,Georgia,0.41,0.18,0.41,968.0,0.377,0.028,0.377,0.623,0.377,0.623,0.0,0.7258479,0.2741521,0.0,0.0,house,without_center
HI-1,31.94248,Hawaii,0.28,0.2,0.51,312.0,0.091,0.032,0.091,0.909,0.091,0.909,0.0,0.3402876,0.6597124,0.0,0.0,house,without_center
HI-2,31.68955,Hawaii,0.28,0.2,0.51,312.0,0.091,0.032,0.091,0.909,0.091,0.909,0.0,0.34155225,0.65844775,0.0,0.0,house,without_center
IA-1,-3.941143,Iowa,0.41,0.19,0.4,330.0,0.385,0.032,0.385,0.615,0.385,0.615,0.0,0.519705715,0.480294285,0.0,0.0,house,without_center
IA-2,-5.458609,Iowa,0.41,0.19,0.4,330.0,0.385,0.032,0.385,0.615,0.385,0.615,0.0,0.527293045,0.472706955,0.0,0.0,house,without_center
IA-3,-2.251076,Iowa,0.41,0.19,0.4,330.0,0.385,0.032,0.385,0.615,0.385,0.615,0.0,0.51125538,0.48874462,0.0,0.0,house,without_center
IA-4,-27.31831,Iowa,0.41,0.19,0.4,330.0,0.385,0.032,0.385,0.615,0.385,0.615,0.0,0.63659155,0.36340845,0.0,0.0,house,without_center
ID-1,-45.50601,Idaho,0.49,0.19,0.32,320.0,0.578,0.032,0.578,0.42200000000000004,0.578,0.42200000000000004,0.0,0.72753005,0.27246994999999996,0.0,0.0,house,without_center
ID-2,-26.67605,Idaho,0.49,0.19,0.32,320.0,0.578,0.032,0.578,0.42200000000000004,0.578,0.42200000000000004,0.0,0.63338025,0.36661975,0.0,0.0,house,without_center
IL-1,40.62955,Illinois,0.33,0.19,0.48,1326.0,0.226,0.028,0.226,0.774,0.226,0.774,0.0,0.29685225,0.7031477500000001,0.0,0.0,house,without_center
IL-2,36.84659,Illinois,0.33,0.19,0.48,1326.0,0.226,0.028,0.226,0.774,0.226,0.774,0.0,0.31576705,0.68423295,0.0,0.0,house,without_center
IL-3,38.57446,Illinois,0.33,0.19,0.48,1326.0,0.226,0.028,0.226,0.774,0.226,0.774,0.0,0.3071277,0.6928723,0.0,0.0,house,without_center
IL-4,43.97005,Illinois,0.33,0.19,0.48,1326.0,0.226,0.028,0.226,0.774,0.226,0.774,0.0,0.28014975,0.71985025,0.0,0.0,house,without_center
IL-5,35.36106,Illinois,0.33,0.19,0.48,1326.0,0.226,0.028,0.226,0.774,0.226,0.774,0.0,0.3231947,0.6768053,0.0,0.0,house,without_center
IL-6,6.162658,Illinois,0.33,0.19,0.48,1326.0,0.226,0.028,0.226,0.774,0.226,0.774,0.0,0.46918671,0.53081329,0.0,0.0,house,without_center
IL-7,70.00192,Illinois,0.33,0.19,0.48,1326.0,0.226,0.028,0.226,0.774,0.226,0.774,0.0,0.14999040000000002,0.8500095999999999,0.0,0.0,house,without_center
IL-8,11.67969,Illinois,0.33,0.19,0.48,1326.0,0.226,0.028,0.226,0.774,0.226,0.774,0.0,0.44160155,0.55839845,0.0,0.0,house,without_center
IL-9,37.83539,Illinois,0.33,0.19,0.48,1326.0,0.226,0.028,0.226,0.774,0.226,0.774,0.0,0.31082305,0.68917695,0.0,0.0,house,without_center
IL-10,20.95613,Illinois,0.33,0.19,0.48,1326.0,0.226,0.028,0.226,0.774,0.226,0.774,0.0,0.39521934999999997,0.60478065,0.0,0.0,house,without_center
IL-11,9.961191,Illinois,0.33,0.19,0.48,1326.0,0.226,0.028,0.226,0.774,0.226,0.774,0.0,0.450194045,0.549805955,0.0,0.0,house,without_center
IL-12,-46.41387,Illinois,0.33,0.19,0.48,1326.0,0.226,0.028,0.226,0.774,0.226,0.774,0.0,0.73206935,0.26793065,0.0,0.0,house,without_center
IL-13,6.505558,Illinois,0.33,0.19,0.48,1326.0,0.226,0.028,0.226,0.774,0.226,0.774,0.0,0.46747221,0.5325277900000001,0.0,0.0,house,without_center
IL-14,6.49219,Illinois,0.33,0.19,0.48,1326.0,0.226,0.028,0.226,0.774,0.226,0.774,0.0,0.46753905,0.53246095,0.0,0.0,house,without_center
IL-15,-42.4285,Illinois,0.33,0.19,0.48,1326.0,0.226,0.028,0.226,0.774,0.226,0.774,0.0,0.7121425,0.2878575,0.0,0.0,house,without_center
IL-16,-25.93611,Illinois,0.33,0.19,0.48,1326.0,0.226,0.028,0.226,0.774,0.226,0.774,0.0,0.62968055,0.37031945,0.0,0.0,house,without_center
IL-17,3.546824,Illinois,0.33,0.19,0.48,1326.0,0.226,0.028,0.226,0.774,0.226,0.774,0.0,0.48226588,0.51773412,0.0,0.0,house,without_center
IN-1,6.346558,Indiana,0.42,0.2,0.37,654.0,0.424,0.028,0.424,0.5760000000000001,0.424,0.5760000000000001,0.0,0.46826721,0.53173279,0.0,0.0,house,without_center
IN-2,-26.09934,Indiana,0.42,0.2,0.37,654.0,0.424,0.028,0.424,0.5760000000000001,0.424,0.5760000000000001,0.0,0.6304967,0.3695033,0.0,0.0,house,without_center
IN-3,-34.17117,Indiana,0.42,0.2,0.37,654.0,0.424,0.028,0.424,0.5760000000000001,0.424,0.5760000000000001,0.0,0.6708558499999999,0.32914415,0.0,0.0,house,without_center
IN-4,-33.35265,Indiana,0.42,0.2,0.37,654.0,0.424,0.028,0.424,0.5760000000000001,0.424,0.5760000000000001,0.0,0.66676325,0.33323675,0.0,0.0,house,without_center
IN-5,-21.72354,Indiana,0.42,0.2,0.37,654.0,0.424,0.028,0.424,0.5760000000000001,0.424,0.5760000000000001,0.0,0.6086177,0.3913823,0.0,0.0,house,without_center
IN-6,-36.74424,Indiana,0.42,0.2,0.37,654.0,0.424,0.028,0.424,0.5760000000000001,0.424,0.5760000000000001,0.0,0.6837212,0.31627879999999997,0.0,0.0,house,without_center
IN-7,36.96736,Indiana,0.42,0.2,0.37,654.0,0.424,0.028,0.424,0.5760000000000001,0.424,0.5760000000000001,0.0,0.3151632,0.6848368,0.0,0.0,house,without_center
IN-8,-35.82268,Indiana,0.42,0.2,0.37,654.0,0.424,0.028,0.424,0.5760000000000001,0.424,0.5760000000000001,0.0,0.6791134,0.3208866,0.0,0.0,house,without_center
IN-9,-30.11917,Indiana,0.42,0.2,0.37,654.0,0.424,0.028,0.424,0.5760000000000001,0.424,0.5760000000000001,0.0,0.65059585,0.34940415,0.0,0.0,house,without_center
KS-1,-34.44489,Kansas,0.46,0.23,0.31,307.0,0.423,0.028,0.423,0.577,0.423,0.577,0.0,0.67222445,0.32777555,0.0,0.0,house,without_center
KS-2,-20.91362,Kansas,0.46,0.23,0.31,307.0,0.423,0.028,0.423,0.577,0.423,0.577,0.0,0.6045681,0.3954319,0.0,0.0,house,without_center
KS-3,-3.199989,Kansas,0.46,0.23,0.31,307.0,0.423,0.028,0.423,0.577,0.423,0.577,0.0,0.515999945,0.484000055,0.0,0.0,house,without_center
KS-4,-27.53099,Kansas,0.46,0.23,0.31,307.0,0.423,0.028,0.423,0.577,0.423,0.577,0.0,0.6376549499999999,0.36234505,0.0,0.0,house,without_center
KY-1,-43.40771,Kentucky,0.44,0.13,0.43,439.0,0.525,0.028,0.525,0.475,0.525,0.475,0.0,0.71703855,0.28296145,0.0,0.0,house,without_center
KY-2,-37.63331,Kentucky,0.44,0.13,0.43,439.0,0.525,0.028,0.525,0.475,0.525,0.475,0.0,0.68816655,0.31183344999999996,0.0,0.0,house,without_center
KY-3,20.47426,Kentucky,0.44,0.13,0.43,439.0,0.525,0.028,0.525,0.475,0.525,0.475,0.0,0.3976287,0.6023712999999999,0.0,0.0,house,without_center
KY-4,-33.69741,Kentucky,0.44,0.13,0.43,439.0,0.525,0.028,0.525,0.475,0.525,0.475,0.0,0.66848705,0.33151295000000003,0.0,0.0,house,without_center
KY-5,-59.78954,Kentucky,0.44,0.13,0.43,439.0,0.525,0.028,0.525,0.475,0.525,0.475,0.0,0.7989477,0.20105229999999996,0.0,0.0,house,without_center
KY-6,-13.11894,Kentucky,0.44,0.13,0.43,439.0,0.525,0.028,0.525,0.475,0.525,0.475,0.0,0.5655947,0.4344053,0.0,0.0,house,without_center
LA-1,-40.22432,Louisiana,0.41,0.16,0.43,465.0,0.523,0.028,0.523,0.477,0.523,0.477,0.0,0.7011216,0.2988784,0.0,0.0,house,without_center
LA-2,55.67659,Louisiana,0.41,0.16,0.43,465.0,0.523,0.028,0.523,0.477,0.523,0.477,0.0,0.22161705000000004,0.7783829499999999,0.0,0.0,house,without_center
LA-3,-42.79865,Louisiana,0.41,0.16,0.43,465.0,0.523,0.028,0.523,0.477,0.523,0.477,0.0,0.71399325,0.28600675,0.0,0.0,house,without_center
LA-4,-33.83772,Louisiana,0.41,0.16,0.43,465.0,0.523,0.028,0.523,0.477,0.523,0.477,0.0,0.6691886,0.3308114,0.0,0.0,house,without_center
LA-5,-34.14235,Louisiana,0.41,0.16,0.43,465.0,0.523,0.028,0.523,0.477,0.523,0.477,0.0,0.6707117499999999,0.32928825,0.0,0.0,house,without_center
LA-6,-22.77275,Louisiana,0.41,0.16,0.43,465.0,0.523,0.028,0.523,0.477,0.523,0.477,0.0,0.6138637499999999,0.38613625,0.0,0.0,house,without_center
MA-1,21.63849,Massachusetts,0.27,0.17,0.56,704.0,0.09,0.028,0.09,0.91,0.09,0.91,0.0,0.39180755,0.60819245,0.0,0.0,house,without_center
MA-2,29.77662,Massachusetts,0.27,0.17,0.56,704.0,0.09,0.028,0.09,0.91,0.09,0.91,0.0,0.35111689999999995,0.6488831,0.0,0.0,house,without_center
MA-3,26.28056,Massachusetts,0.27,0.17,0.56,704.0,0.09,0.028,0.09,0.91,0.09,0.91,0.0,0.36859719999999996,0.6314028,0.0,0.0,house,without_center
MA-4,27.75373,Massachusetts,0.27,0.17,0.56,704.0,0.09,0.028,0.09,0.91,0.09,0.91,0.0,0.36123135,0.63876865,0.0,0.0,house,without_center
MA-5,49.79446,Massachusetts,0.27,0.17,0.56,704.0,0.09,0.028,0.09,0.91,0.09,0.91,0.0,0.25102769999999996,0.7489723,0.0,0.0,house,without_center
MA-6,26.04362,Massachusetts,0.27,0.17,0.56,704.0,0.09,0.028,0.09,0.91,0.09,0.91,0.0,0.3697819,0.6302181,0.0,0.0,house,without_center
MA-7,73.41786,Massachusetts,0.27,0.17,0.56,704.0,0.09,0.028,0.09,0.91,0.09,0.91,0.0,0.1329107,0.8670893,0.0,0.0,house,without_center
MA-8,34.05433,Massachusetts,0.27,0.17,0.56,704.0,0.09,0.028,0.09,0.91,0.09,0.91,0.0,0.32972835,0.67027165,0.0,0.0,house,without_center
MA-9,16.72963,Massachusetts,0.27,0.17,0.56,704.0,0.09,0.028,0.09,0.91,0.09,0.91,0.0,0.41635184999999997,0.58364815,0.0,0.0,house,without_center
MD-1,-25.06874,Maryland,0.31,0.14,0.55,644.0,0.167,0.028,0.167,0.833,0.167,0.833,0.0,0.6253437,0.3746563,0.0,0.0,house,without_center
MD-2,10.99566,Maryland,0.31,0.14,0.55,644.0,0.167,0.028,0.167,0.833,0.167,0.833,0.0,0.44502169999999996,0.5549783,0.0,0.0,house,without_center
MD-3,14.18876,Maryland,0.31,0.14,0.55,644.0,0.167,0.028,0.167,0.833,0.167,0.833,0.0,0.4290562,0.5709438,0.0,0.0,house,without_center
MD-4,74.8873,Maryland,0.31,0.14,0.55,644.0,0.167,0.028,0.167,0.833,0.167,0.833,0.0,0.1255635,0.8744365000000001,0.0,0.0,house,without_center
MD-5,27.6208,Maryland,0.31,0.14,0.55,644.0,0.167,0.028,0.167,0.833,0.167,0.833,0.0,0.361896,0.638104,0.0,0.0,house,without_center
MD-6,-0.9533374,Maryland,0.31,0.14,0.55,644.0,0.167,0.028,0.167,0.833,0.167,0.833,0.0,0.504766687,0.495233313,0.0,0.0,house,without_center
MD-7,54.88766,Maryland,0.31,0.14,0.55,644.0,0.167,0.028,0.167,0.833,0.167,0.833,0.0,0.22556170000000003,0.7744382999999999,0.0,0.0,house,without_center
MD-8,52.80023,Maryland,0.31,0.14,0.55,644.0,0.167,0.028,0.167,0.833,0.167,0.833,0.0,0.23599884999999998,0.76400115,0.0,0.0,house,without_center
ME-1,16.01526,Maine,0.36,0.17,0.47,303.0,0.477,0.032,0.477,0.523,0.477,0.523,0.0,0.4199237,0.5800763,0.0,0.0,house,without_center
ME-2,-10.29927,Maine,0.36,0.17,0.47,303.0,0.477,0.032,0.477,0.523,0.477,0.523,0.0,0.55149635,0.44850365000000003,0.0,0.0,house,without_center
MI-1,-23.75547,Michigan,0.34,0.19,0.47,982.0,0.389,0.028,0.389,0.611,0.389,0.611,0.0,0.61877735,0.38122265,0.0,0.0,house,without_center
MI-2,-31.02191,Michigan,0.34,0.19,0.47,982.0,0.389,0.028,0.389,0.611,0.389,0.611,0.0,0.6551095499999999,0.34489045,0.0,0.0,house,without_center
MI-3,2.744693,Michigan,0.34,0.19,0.47,982.0,0.389,0.028,0.389,0.611,0.389,0.611,0.0,0.486276535,0.513723465,0.0,0.0,house,without_center
MI-4,-8.712607,Michigan,0.34,0.19,0.47,982.0,0.389,0.028,0.389,0.611,0.389,0.611,0.0,0.543563035,0.456436965,0.0,0.0,house,without_center
MI-5,-27.44294,Michigan,0.34,0.19,0.47,982.0,0.389,0.028,0.389,0.611,0.389,0.611,0.0,0.6372147,0.3627853,0.0,0.0,house,without_center
MI-6,21.13806,Michigan,0.34,0.19,0.47,982.0,0.389,0.028,0.389,0.611,0.389,0.611,0.0,0.3943097,0.6056903,0.0,0.0,house,without_center
MI-7,-3.487974,Michigan,0.34,0.19,0.47,982.0,0.389,0.028,0.389,0.611,0.389,0.611,0.0,0.51743987,0.48256013,0.0,0.0,house,without_center
MI-8,-1.201374,Michigan,0.34,0.19,0.47,982.0,0.389,0.028,0.389,0.611,0.389,0.611,0.0,0.50600687,0.49399313,0.0,0.0,house,without_center
MI-9,-33.46297,Michigan,0.34,0.19,0.47,982.0,0.389,0.028,0.389,0.611,0.389,0.611,0.0,0.66731485,0.33268515,0.0,0.0,house,without_center
MI-10,-5.404607,Michigan,0.34,0.19,0.47,982.0,0.389,0.028,0.389,0.611,0.389,0.611,0.0,0.527023035,0.47297696499999997,0.0,0.0,house,without_center
MI-11,14.86063,Michigan,0.34,0.19,0.47,982.0,0.389,0.028,0.389,0.611,0.389,0.611,0.0,0.42569685,0.57430315,0.0,0.0,house,without_center
MI-12,43.95626,Michigan,0.34,0.19,0.47,982.0,0.389,0.028,0.389,0.611,0.389,0.611,0.0,0.2802187,0.7197813,0.0,0.0,house,without_center
MI-13,45.90776,Michigan,0.34,0.19,0.47,982.0,0.389,0.028,0.389,0.611,0.389,0.611,0.0,0.27046119999999996,0.7295388,0.0,0.0,house,without_center
MN-1,-13.93831,Minnesota,0.39,0.15,0.46,563.0,0.391,0.028,0.391,0.609,0.391,0.609,0.0,0.5696915499999999,0.43030845,0.0,0.0,house,without_center
MN-2,1.158694,Minnesota,0.39,0.15,0.46,563.0,0.391,0.028,0.391,0.609,0.391,0.609,0.0,0.49420653,0.50579347,0.0,0.0,house,without_center
MN-3,14.35376,Minnesota,0.39,0.15,0.46,563.0,0.391,0.028,0.391,0.609,0.391,0.609,0.0,0.42823120000000003,0.5717688,0.0,0.0,house,without_center
MN-4,32.09563,Minnesota,0.39,0.15,0.46,563.0,0.391,0.028,0.391,0.609,0.391,0.609,0.0,0.33952185,0.66047815,0.0,0.0,house,without_center
MN-5,57.11019,Minnesota,0.39,0.15,0.46,563.0,0.391,0.028,0.391,0.609,0.391,0.609,0.0,0.21444904999999997,0.78555095,0.0,0.0,house,without_center
MN-6,-22.85337,Minnesota,0.39,0.15,0.46,563.0,0.391,0.028,0.391,0.609,0.391,0.609,0.0,0.61426685,0.38573314999999997,0.0,0.0,house,without_center
MN-7,-36.62228,Minnesota,0.39,0.15,0.46,563.0,0.391,0.028,0.391,0.609,0.391,0.609,0.0,0.6831114,0.31688859999999996,0.0,0.0,house,without_center
MN-8,-14.93217,Minnesota,0.39,0.15,0.46,563.0,0.391,0.028,0.391,0.609,0.391,0.609,0.0,0.57466085,0.42533915,0.0,0.0,house,without_center
MO-1,52.22362,Missouri,0.41,0.18,0.42,642.0,0.528,0.028,0.528,0.472,0.528,0.472,0.0,0.23888190000000004,0.7611181,0.0,0.0,house,without_center
MO-2,-15.00905,Missouri,0.41,0.18,0.42,642.0,0.528,0.028,0.528,0.472,0.528,0.472,0.0,0.5750452500000001,0.42495475,0.0,0.0,house,without_center
MO-3,-32.49918,Missouri,0.41,0.18,0.42,642.0,0.528,0.028,0.528,0.472,0.528,0.472,0.0,0.6624959,0.3375041,0.0,0.0,house,without_center
MO-4,-44.84298,Missouri,0.41,0.18,0.42,642.0,0.528,0.028,0.528,0.472,0.528,0.472,0.0,0.7242149,0.2757851,0.0,0.0,house,without_center
MO-5,19.79319,Missouri,0.41,0.18,0.42,642.0,0.528,0.028,0.528,0.472,0.528,0.472,0.0,0.40103405000000003,0.59896595,0.0,0.0,house,without_center
MO-6,-42.23775,Missouri,0.41,0.18,0.42,642.0,0.528,0.028,0.528,0.472,0.528,0.472,0.0,0.71118875,0.28881125,0.0,0.0,house,without_center
MO-7,-47.12061,Missouri,0.41,0.18,0.42,642.0,0.528,0.028,0.528,0.472,0.528,0.472,0.0,0.73560305,0.26439694999999996,0.0,0.0,house,without_center
MO-8,-55.91422,Missouri,0.41,0.18,0.42,642.0,0.528,0.028,0.528,0.472,0.528,0.472,0.0,0.7795711000000001,0.22042889999999998,0.0,0.0,house,without_center
MS-1,-34.88673,Mississippi,0.44,0.14,0.42,309.0,0.541,0.028,0.541,0.45899999999999996,0.541,0.45899999999999996,0.0,0.67443365,0.32556635,0.0,0.0,house,without_center
MS-2,23.13287,Mississippi,0.44,0.14,0.42,309.0,0.541,0.028,0.541,0.45899999999999996,0.541,0.45899999999999996,0.0,0.38433565000000003,0.61566435,0.0,0.0,house,without_center
MS-3,-28.1043,Mississippi,0.44,0.14,0.42,309.0,0.541,0.028,0.541,0.45899999999999996,0.541,0.45899999999999996,0.0,0.6405215,0.35947850000000003,0.0,0.0,house,without_center
MS-4,-41.94463,Mississippi,0.44,0.14,0.42,309.0,0.541,0.028,0.541,0.45899999999999996,0.541,0.45899999999999996,0.0,0.70972315,0.29027685000000003,0.0,0.0,house,without_center
MT-1,-9.988488,Montana,0.49,0.21,0.3,312.0,0.65,0.032,0.65,0.35,0.65,0.35,0.0,0.54994244,0.45005755999999997,0.0,0.0,house,without_center
MT-2,-29.68839,Montana,0.49,0.21,0.3,312.0,0.65,0.032,0.65,0.35,0.65,0.35,0.0,0.64844195,0.35155805,0.0,0.0,house,without_center
NC-1,5.35866,North Carolina,0.41,0.17,0.43,1022.0,0.371,0.028,0.371,0.629,0.371,0.629,0.0,0.4732067,0.5267933,0.0,0.0,house,without_center
NC-2,23.77732,North Carolina,0.41,0.17,0.43,1022.0,0.371,0.028,0.371,0.629,0.371,0.629,0.0,0.3811134,0.6188866,0.0,0.0,house,without_center
NC-3,-28.28144,North Carolina,0.41,0.17,0.43,1022.0,0.371,0.028,0.371,0.629,0.371,0.629,0.0,0.6414072,0.3585928,0.0,0.0,house,without_center
NC-4,30.43603,North Carolina,0.41,0.17,0.43,1022.0,0.371,0.028,0.371,0.629,0.371,0.629,0.0,0.34781985000000004,0.65218015,0.0,0.0,house,without_center
NC-5,-23.77597,North Carolina,0.41,0.17,0.43,1022.0,0.371,0.028,0.371,0.629,0.371,0.629,0.0,0.61887985,0.38112015,0.0,0.0,house,without_center
NC-6,9.195594,North Carolina,0.41,0.17,0.43,1022.0,0.371,0.028,0.371,0.629,0.371,0.629,0.0,0.45402203,0.54597797,0.0,0.0,house,without_center
NC-7,-15.33564,North Carolina,0.41,0.17,0.43,1022.0,0.371,0.028,0.371,0.629,0.371,0.629,0.0,0.5766782,0.42332179999999997,0.0,0.0,house,without_center
NC-8,-37.57974,North Carolina,0.41,0.17,0.43,1022.0,0.371,0.028,0.371,0.629,0.371,0.629,0.0,0.6878987,0.3121013,0.0,0.0,house,without_center
NC-9,-10.55237,North Carolina,0.41,0.17,0.43,1022.0,0.371,0.028,0.371,0.629,0.371,0.629,0.0,0.55276185,0.44723815,0.0,0.0,house,without_center
NC-10,-42.30114,North Carolina,0.41,0.17,0.43,1022.0,0.371,0.028,0.371,0.629,0.371,0.629,0.0,0.7115057,0.2884943,0.0,0.0,house,without_center
NC-11,-14.19994,North Carolina,0.41,0.17,0.43,1022.0,0.371,0.028,0.371,0.629,0.371,0.629,0.0,0.5709997,0.4290003,0.0,0.0,house,without_center
NC-12,25.35399,North Carolina,0.41,0.17,0.43,1022.0,0.371,0.028,0.371,0.629,0.371,0.629,0.0,0.37323005,0.62676995,0.0,0.0,house,without_center
NC-13,-2.271673,North Carolina,0.41,0.17,0.43,1022.0,0.371,0.028,0.371,0.629,0.371,0.629,0.0,0.511358365,0.488641635,0.0,0.0,house,without_center
NC-14,11.45646,North Carolina,0.41,0.17,0.43,1022.0,0.371,0.028,0.371,0.629,0.371,0.629,0.0,0.4427177,0.5572823,0.0,0.0,house,without_center
ND-1,-37.06978,North Dakota,0.5,0.18,0.33,338.0,0.533,0.032,0.533,0.46699999999999997,0.533,0.46699999999999997,0.0,0.6853489,0.31465109999999996,0.0,0.0,house,without_center
NE-1,-16.99171,Nebraska,0.47,0.17,0.36,312.0,0.392,0.028,0.392,0.608,0.392,0.608,0.0,0.58495855,0.41504145,0.0,0.0,house,without_center
NE-2,-2.553308,Nebraska,0.47,0.17,0.36,312.0,0.392,0.028,0.392,0.608,0.392,0.608,0.0,0.51276654,0.48723346,0.0,0.0,house,without_center
NE-3,-56.56481,Nebraska,0.47,0.17,0.36,312.0,0.392,0.028,0.392,0.608,0.392,0.608,0.0,0.78282405,0.21717595,0.0,0.0,house,without_center
NH-1,-1.061432,New Hampshire,0.35,0.2,0.44,303.0,0.463,0.032,0.463,0.5369999999999999,0.463,0.5369999999999999,0.0,0.50530716,0.49469284,0.0,0.0,house,without_center
NH-2,2.242335,New Hampshire,0.35,0.2,0.44,303.0,0.463,0.032,0.463,0.5369999999999999,0.463,0.5369999999999999,0.0,0.488788325,0.511211675,0.0,0.0,house,without_center
NJ-1,19.31425,New Jersey,0.3,0.19,0.51,886.0,0.089,0.028,0.089,0.911,0.089,0.911,0.0,0.40342875,0.59657125,0.0,0.0,house,without_center
NJ-2,-9.870381,New Jersey,0.3,0.19,0.51,886.0,0.089,0.028,0.089,0.911,0.089,0.911,0.0,0.549351905,0.450648095,0.0,0.0,house,without_center
NJ-3,8.208885,New Jersey,0.3,0.19,0.51,886.0,0.089,0.028,0.089,0.911,0.089,0.911,0.0,0.458955575,0.541044425,0.0,0.0,house,without_center
NJ-4,-28.64708,New Jersey,0.3,0.19,0.51,886.0,0.089,0.028,0.089,0.911,0.089,0.911,0.0,0.6432354,0.3567646,0.0,0.0,house,without_center
NJ-5,6.075619,New Jersey,0.3,0.19,0.51,886.0,0.089,0.028,0.089,0.911,0.089,0.911,0.0,0.469621905,0.530378095,0.0,0.0,house,without_center
NJ-6,14.54368,New Jersey,0.3,0.19,0.51,886.0,0.089,0.028,0.089,0.911,0.089,0.911,0.0,0.4272816,0.5727184,0.0,0.0,house,without_center
NJ-7,-3.991048,New Jersey,0.3,0.19,0.51,886.0,0.089,0.028,0.089,0.911,0.089,0.911,0.0,0.51995524,0.48004476,0.0,0.0,house,without_center
NJ-8,45.80719,New Jersey,0.3,0.19,0.51,886.0,0.089,0.028,0.089,0.911,0.089,0.911,0.0,0.27096405,0.72903595,0.0,0.0,house,without_center
NJ-9,16.24119,New Jersey,0.3,0.19,0.51,886.0,0.089,0.028,0.089,0.911,0.089,0.911,0.0,0.41879405000000003,0.58120595,0.0,0.0,house,without_center
NJ-10,57.45015,New Jersey,0.3,0.19,0.51,886.0,0.089,0.028,0.089,0.911,0.089,0.911,0.0,0.21274925,0.78725075,0.0,0.0,house,without_center
NJ-11,10.15989,New Jersey,0.3,0.19,0.51,886.0,0.089,0.028,0.089,0.911,0.089,0.911,0.0,0.44920055,0.55079945,0.0,0.0,house,without_center
NJ-12,29.25628,New Jersey,0.3,0.19,0.51,886.0,0.089,0.028,0.089,0.911,0.089,0.911,0.0,0.3537186,0.6462814,0.0,0.0,house,without_center
NM-1,11.53571,New Mexico,0.37,0.15,0.48,312.0,0.359,0.028,0.359,0.641,0.359,0.641,0.0,0.44232145,0.55767855,0.0,0.0,house,without_center
NM-2,3.89851,New Mexico,0.37,0.15,0.48,312.0,0.359,0.028,0.359,0.641,0.359,0.641,0.0,0.48050745,0.51949255,0.0,0.0,house,without_center
NM-3,4.77611,New Mexico,0.37,0.15,0.48,312.0,0.359,0.028,0.359,0.641,0.359,0.641,0.0,0.47611945,0.52388055,0.0,0.0,house,without_center
NV-1,4.010317,Nevada,0.37,0.18,0.46,314.0,0.329,0.028,0.329,0.671,0.329,0.671,0.0,0.479948415,0.520051585,0.0,0.0,house,without_center
NV-2,-13.49788,Nevada,0.37,0.18,0.46,314.0,0.329,0.028,0.329,0.671,0.329,0.671,0.0,0.5674894,0.43251059999999997,0.0,0.0,house,without_center
NV-3,1.756517,Nevada,0.37,0.18,0.46,314.0,0.329,0.028,0.329,0.671,0.329,0.671,0.0,0.491217415,0.508782585,0.0,0.0,house,without_center
NV-4,5.27305,Nevada,0.37,0.18,0.46,314.0,0.329,0.028,0.329,0.671,0.329,0.671,0.0,0.47363475,0.52636525,0.0,0.0,house,without_center
NY-1,-5.411073,New York,0.28,0.19,0.53,1966.0,0.145,0.028,0.145,0.855,0.145,0.855,0.0,0.527055365,0.472944635,0.0,0.0,house,without_center
NY-2,-6.004039,New York,0.28,0.19,0.53,1966.0,0.145,0.028,0.145,0.855,0.145,0.855,0.0,0.530020195,0.46997980500000003,0.0,0.0,house,without_center
NY-3,3.998761,New York,0.28,0.19,0.53,1966.0,0.145,0.028,0.145,0.855,0.145,0.855,0.0,0.480006195,0.519993805,0.0,0.0,house,without_center
NY-4,10.45113,New York,0.28,0.19,0.53,1966.0,0.145,0.028,0.145,0.855,0.145,0.855,0.0,0.44774435,0.55225565,0.0,0.0,house,without_center
NY-5,61.72219,New York,0.28,0.19,0.53,1966.0,0.145,0.028,0.145,0.855,0.145,0.855,0.0,0.19138905,0.80861095,0.0,0.0,house,without_center
NY-6,30.65913,New York,0.28,0.19,0.53,1966.0,0.145,0.028,0.145,0.855,0.145,0.855,0.0,0.34670435,0.65329565,0.0,0.0,house,without_center
NY-7,62.81329,New York,0.28,0.19,0.53,1966.0,0.145,0.028,0.145,0.855,0.145,0.855,0.0,0.18593355,0.81406645,0.0,0.0,house,without_center
NY-8,52.5668,New York,0.28,0.19,0.53,1966.0,0.145,0.028,0.145,0.855,0.145,0.855,0.0,0.237166,0.762834,0.0,0.0,house,without_center
NY-9,51.08659,New York,0.28,0.19,0.53,1966.0,0.145,0.028,0.145,0.855,0.145,0.855,0.0,0.24456705,0.75543295,0.0,0.0,house,without_center
NY-10,69.12236,New York,0.28,0.19,0.53,1966.0,0.145,0.028,0.145,0.855,0.145,0.855,0.0,0.15438819999999998,0.8456118,0.0,0.0,house,without_center
NY-11,-10.69397,New York,0.28,0.19,0.53,1966.0,0.145,0.028,0.145,0.855,0.145,0.855,0.0,0.55346985,0.44653015,0.0,0.0,house,without_center
NY-12,67.81519,New York,0.28,0.19,0.53,1966.0,0.145,0.028,0.145,0.855,0.145,0.855,0.0,0.16092404999999999,0.83907595,0.0,0.0,house,without_center
NY-13,77.10876,New York,0.28,0.19,0.53,1966.0,0.145,0.028,0.145,0.855,0.145,0.855,0.0,0.11445620000000001,0.8855438,0.0,0.0,house,without_center
NY-14,56.82389,New York,0.28,0.19,0.53,1966.0,0.145,0.028,0.145,0.855,0.145,0.855,0.0,0.21588055,0.7841194499999999,0.0,0.0,house,without_center
NY-15,70.77099,New York,0.28,0.19,0.53,1966.0,0.145,0.028,0.145,0.855,0.145,0.855,0.0,0.14614505,0.85385495,0.0,0.0,house,without_center
NY-16,40.4464,New York,0.28,0.19,0.53,1966.0,0.145,0.028,0.145,0.855,0.145,0.855,0.0,0.29776800000000003,0.702232,0.0,0.0,house,without_center
NY-17,6.631194,New York,0.28,0.19,0.53,1966.0,0.145,0.028,0.145,0.855,0.145,0.855,0.0,0.46684403,0.53315597,0.0,0.0,house,without_center
NY-18,2.797194,New York,0.28,0.19,0.53,1966.0,0.145,0.028,0.145,0.855,0.145,0.855,0.0,0.48601403,0.51398597,0.0,0.0,house,without_center
NY-19,-0.9979393,New York,0.28,0.19,0.53,1966.0,0.145,0.028,0.145,0.855,0.145,0.855,0.0,0.5049896965,0.4950103035,0.0,0.0,house,without_center
NY-20,13.70726,New York,0.28,0.19,0.53,1966.0,0.145,0.028,0.145,0.855,0.145,0.855,0.0,0.4314637,0.5685363,0.0,0.0,house,without_center
NY-21,-16.49541,New York,0.28,0.19,0.53,1966.0,0.145,0.028,0.145,0.855,0.145,0.855,0.0,0.58247705,0.41752295,0.0,0.0,house,without_center
NY-22,2.205094,New York,0.28,0.19,0.53,1966.0,0.145,0.028,0.145,0.855,0.145,0.855,0.0,0.48897453,0.51102547,0.0,0.0,house,without_center
NY-23,-22.87477,New York,0.28,0.19,0.53,1966.0,0.145,0.028,0.145,0.855,0.145,0.855,0.0,0.61437385,0.38562615,0.0,0.0,house,without_center
NY-24,-21.65131,New York,0.28,0.19,0.53,1966.0,0.145,0.028,0.145,0.855,0.145,0.855,0.0,0.60825655,0.39174345,0.0,0.0,house,without_center
NY-25,13.41073,New York,0.28,0.19,0.53,1966.0,0.145,0.028,0.145,0.855,0.145,0.855,0.0,0.43294635000000004,0.56705365,0.0,0.0,house,without_center
NY-26,17.82643,New York,0.28,0.19,0.53,1966.0,0.145,0.028,0.145,0.855,0.145,0.855,0.0,0.41086785000000003,0.58913215,0.0,0.0,house,without_center
OH-1,3.195959,Ohio,0.42,0.18,0.4,1132.0,0.419,0.028,0.419,0.581,0.419,0.581,0.0,0.484020205,0.515979795,0.0,0.0,house,without_center
OH-2,-48.46798,Ohio,0.42,0.18,0.4,1132.0,0.419,0.028,0.419,0.581,0.419,0.581,0.0,0.7423398999999999,0.2576601,0.0,0.0,house,without_center
OH-3,38.02156,Ohio,0.42,0.18,0.4,1132.0,0.419,0.028,0.419,0.581,0.419,0.581,0.0,0.3098922,0.6901078,0.0,0.0,house,without_center
OH-4,-40.22367,Ohio,0.42,0.18,0.4,1132.0,0.419,0.028,0.419,0.581,0.419,0.581,0.0,0.70111835,0.29888165,0.0,0.0,house,without_center
OH-5,-29.85058,Ohio,0.42,0.18,0.4,1132.0,0.419,0.028,0.419,0.581,0.419,0.581,0.0,0.6492529,0.3507471,0.0,0.0,house,without_center
OH-6,-31.06064,Ohio,0.42,0.18,0.4,1132.0,0.419,0.028,0.419,0.581,0.419,0.581,0.0,0.6553032,0.3446968,0.0,0.0,house,without_center
OH-7,-13.98634,Ohio,0.42,0.18,0.4,1132.0,0.419,0.028,0.419,0.581,0.419,0.581,0.0,0.5699317,0.4300683,0.0,0.0,house,without_center
OH-8,-27.11651,Ohio,0.42,0.18,0.4,1132.0,0.419,0.028,0.419,0.581,0.419,0.581,0.0,0.63558255,0.36441745000000003,0.0,0.0,house,without_center
OH-9,-6.153574,Ohio,0.42,0.18,0.4,1132.0,0.419,0.028,0.419,0.581,0.419,0.581,0.0,0.53076787,0.46923213,0.0,0.0,house,without_center
OH-10,-8.405874,Ohio,0.42,0.18,0.4,1132.0,0.419,0.028,0.419,0.581,0.419,0.581,0.0,0.54202937,0.45797063,0.0,0.0,house,without_center
OH-11,54.52639,Ohio,0.42,0.18,0.4,1132.0,0.419,0.028,0.419,0.581,0.419,0.581,0.0,0.22736805,0.7726319500000001,0.0,0.0,house,without_center
OH-12,-34.24341,Ohio,0.42,0.18,0.4,1132.0,0.419,0.028,0.419,0.581,0.419,0.581,0.0,0.67121705,0.32878295,0.0,0.0,house,without_center
OH-13,-1.824775,Ohio,0.42,0.18,0.4,1132.0,0.419,0.028,0.419,0.581,0.419,0.581,0.0,0.509123875,0.490876125,0.0,0.0,house,without_center
OH-14,-18.53361,Ohio,0.42,0.18,0.4,1132.0,0.419,0.028,0.419,0.581,0.419,0.581,0.0,0.59266805,0.40733195,0.0,0.0,house,without_center
OH-15,-11.47044,Ohio,0.42,0.18,0.4,1132.0,0.419,0.028,0.419,0.581,0.419,0.581,0.0,0.5573522,0.4426478,0.0,0.0,house,without_center
OK-1,-28.18958,Oklahoma,0.45,0.15,0.4,391.0,0.549,0.028,0.549,0.45099999999999996,0.549,0.45099999999999996,0.0,0.6409479,0.3590521,0.0,0.0,house,without_center
OK-2,-54.82804,Oklahoma,0.45,0.15,0.4,391.0,0.549,0.028,0.549,0.45099999999999996,0.549,0.45099999999999996,0.0,0.7741402,0.2258598,0.0,0.0,house,without_center
OK-3,-46.74454,Oklahoma,0.45,0.15,0.4,391.0,0.549,0.028,0.549,0.45099999999999996,0.549,0.45099999999999996,0.0,0.7337227,0.2662773,0.0,0.0,house,without_center
OK-4,-35.24428,Oklahoma,0.45,0.15,0.4,391.0,0.549,0.028,0.549,0.45099999999999996,0.549,0.45099999999999996,0.0,0.6762214,0.32377859999999997,0.0,0.0,house,without_center
OK-5,-23.90774,Oklahoma,0.45,0.15,0.4,391.0,0.549,0.028,0.549,0.45099999999999996,0.549,0.45099999999999996,0.0,0.6195387,0.3804613,0.0,0.0,house,without_center
OR-1,34.3844,Oregon,0.32,0.21,0.47,419.0,0.414,0.032,0.414,0.5860000000000001,0.414,0.5860000000000001,0.0,0.328078,0.671922,0.0,0.0,house,without_center
OR-2,-27.74686,Oregon,0.32,0.21,0.47,419.0,0.414,0.032,0.414,0.5860000000000001,0.414,0.5860000000000001,0.0,0.6387343,0.3612657,0.0,0.0,house,without_center
OR-3,43.01587,Oregon,0.32,0.21,0.47,419.0,0.414,0.032,0.414,0.5860000000000001,0.414,0.5860000000000001,0.0,0.28492065,0.71507935,0.0,0.0,house,without_center
OR-4,8.922438,Oregon,0.32,0.21,0.47,419.0,0.414,0.032,0.414,0.5860000000000001,0.414,0.5860000000000001,0.0,0.45538781,0.54461219,0.0,0.0,house,without_center
OR-5,3.332605,Oregon,0.32,0.21,0.47,419.0,0.414,0.032,0.414,0.5860000000000001,0.414,0.5860000000000001,0.0,0.483336975,0.516663025,0.0,0.0,house,without_center
OR-6,7.193871,Oregon,0.32,0.21,0.47,419.0,0.414,0.032,0.414,0.5860000000000001,0.414,0.5860000000000001,0.0,0.464030645,0.535969355,0.0,0.0,house,without_center
PA-1,-0.2395934,Pennsylvania,0.39,0.15,0.46,1366.0,0.402,0.028,0.402,0.598,0.402,0.598,0.0,0.501197967,0.498802033,0.0,0.0,house,without_center
PA-2,41.22441,Pennsylvania,0.39,0.15,0.46,1366.0,0.402,0.028,0.402,0.598,0.402,0.598,0.0,0.29387795,0.7061220500000001,0.0,0.0,house,without_center
PA-3,77.43448,Pennsylvania,0.39,0.15,0.46,1366.0,0.402,0.028,0.402,0.598,0.402,0.598,0.0,0.11282760000000003,0.8871724,0.0,0.0,house,without_center
PA-4,13.55191,Pennsylvania,0.39,0.15,0.46,1366.0,0.402,0.028,0.402,0.598,0.402,0.598,0.0,0.43224045,0.56775955,0.0,0.0,house,without_center
PA-5,27.68171,Pennsylvania,0.39,0.15,0.46,1366.0,0.402,0.028,0.402,0.598,0.402,0.598,0.0,0.36159145000000004,0.63840855,0.0,0.0,house,without_center
PA-6,9.230706,Pennsylvania,0.39,0.15,0.46,1366.0,0.402,0.028,0.402,0.598,0.402,0.598,0.0,0.45384647,0.54615353,0.0,0.0,house,without_center
PA-7,-4.155027,Pennsylvania,0.39,0.15,0.46,1366.0,0.402,0.028,0.402,0.598,0.402,0.598,0.0,0.520775135,0.479224865,0.0,0.0,house,without_center
PA-8,-8.123094,Pennsylvania,0.39,0.15,0.46,1366.0,0.402,0.028,0.402,0.598,0.402,0.598,0.0,0.54061547,0.45938453,0.0,0.0,house,without_center
PA-9,-40.82453,Pennsylvania,0.39,0.15,0.46,1366.0,0.402,0.028,0.402,0.598,0.402,0.598,0.0,0.70412265,0.29587735,0.0,0.0,house,without_center
PA-10,-9.413727,Pennsylvania,0.39,0.15,0.46,1366.0,0.402,0.028,0.402,0.598,0.402,0.598,0.0,0.547068635,0.452931365,0.0,0.0,house,without_center
PA-11,-26.02409,Pennsylvania,0.39,0.15,0.46,1366.0,0.402,0.028,0.402,0.598,0.402,0.598,0.0,0.6301204499999999,0.36987955,0.0,0.0,house,without_center
PA-12,15.15441,Pennsylvania,0.39,0.15,0.46,1366.0,0.402,0.028,0.402,0.598,0.402,0.598,0.0,0.42422795,0.57577205,0.0,0.0,house,without_center
PA-13,-48.95369,Pennsylvania,0.39,0.15,0.46,1366.0,0.402,0.028,0.402,0.598,0.402,0.598,0.0,0.74476845,0.25523155,0.0,0.0,house,without_center
PA-14,-35.09616,Pennsylvania,0.39,0.15,0.46,1366.0,0.402,0.028,0.402,0.598,0.402,0.598,0.0,0.6754808,0.3245192,0.0,0.0,house,without_center
PA-15,-40.12046,Pennsylvania,0.39,0.15,0.46,1366.0,0.402,0.028,0.402,0.598,0.402,0.598,0.0,0.7006023,0.2993977,0.0,0.0,house,without_center
PA-16,-24.43703,Pennsylvania,0.39,0.15,0.46,1366.0,0.402,0.028,0.402,0.598,0.402,0.598,0.0,0.62218515,0.37781485,0.0,0.0,house,without_center
PA-17,0.6665065,Pennsylvania,0.39,0.15,0.46,1366.0,0.402,0.028,0.402,0.598,0.402,0.598,0.0,0.4966674675,0.5033325325,0.0,0.0,house,without_center
RI-1,32.00424,Rhode Island,0.3,0.22,0.48,305.0,0.139,0.028,0.139,0.861,0.139,0.861,0.0,0.3399788,0.6600212,0.0,0.0,house,without_center
RI-2,16.15041,Rhode Island,0.3,0.22,0.48,305.0,0.139,0.028,0.139,0.861,0.139,0.861,0.0,0.41924795,0.58075205,0.0,0.0,house,without_center
SC-1,-17.22457,South Carolina,0.43,0.18,0.39,495.0,0.45,0.028,0.45,0.55,0.45,0.55,0.0,0.58612285,0.41387715,0.0,0.0,house,without_center
SC-2,-19.86564,South Carolina,0.43,0.18,0.39,495.0,0.45,0.028,0.45,0.55,0.45,0.55,0.0,0.5993282,0.4006718,0.0,0.0,house,without_center
SC-3,-44.16833,South Carolina,0.43,0.18,0.39,495.0,0.45,0.028,0.45,0.55,0.45,0.55,0.0,0.72084165,0.27915835,0.0,0.0,house,without_center
SC-4,-26.80227,South Carolina,0.43,0.18,0.39,495.0,0.45,0.028,0.45,0.55,0.45,0.55,0.0,0.63401135,0.36598865,0.0,0.0,house,without_center
SC-5,-25.75934,South Carolina,0.43,0.18,0.39,495.0,0.45,0.028,0.45,0.55,0.45,0.55,0.0,0.6287967,0.3712033,0.0,0.0,house,without_center
SC-6,24.6458,South Carolina,0.43,0.18,0.39,495.0,0.45,0.028,0.45,0.55,0.45,0.55,0.0,0.37677099999999997,0.623229,0.0,0.0,house,without_center
SC-7,-25.89097,South Carolina,0.43,0.18,0.39,495.0,0.45,0.028,0.45,0.55,0.45,0.55,0.0,0.62945485,0.37054515,0.0,0.0,house,without_center
SD-1,-32.0032,South Dakota,0.53,0.1,0.37,305.0,0.55,0.028,0.55,0.44999999999999996,0.55,0.44999999999999996,0.0,0.6600159999999999,0.339984,0.0,0.0,house,without_center
TN-1,-60.55824,Tennessee,0.48,0.15,0.36,661.0,0.469,0.028,0.469,0.531,0.469,0.531,0.0,0.8027911999999999,0.19720880000000002,0.0,0.0,house,without_center
TN-2,-36.0464,Tennessee,0.48,0.15,0.36,661.0,0.469,0.028,0.469,0.531,0.469,0.531,0.0,0.680232,0.319768,0.0,0.0,house,without_center
TN-3,-37.66483,Tennessee,0.48,0.15,0.36,661.0,0.469,0.028,0.469,0.531,0.469,0.531,0.0,0.68832415,0.31167585,0.0,0.0,house,without_center
TN-4,-45.6941,Tennessee,0.48,0.15,0.36,661.0,0.469,0.028,0.469,0.531,0.469,0.531,0.0,0.7284705,0.2715295,0.0,0.0,house,without_center
TN-5,-15.4811,Tennessee,0.48,0.15,0.36,661.0,0.469,0.028,0.469,0.531,0.469,0.531,0.0,0.5774055,0.4225945,0.0,0.0,house,without_center
TN-6,-35.15623,Tennessee,0.48,0.15,0.36,661.0,0.469,0.028,0.469,0.531,0.469,0.531,0.0,0.6757811499999999,0.32421885,0.0,0.0,house,without_center
TN-7,-20.80583,Tennessee,0.48,0.15,0.36,661.0,0.469,0.028,0.469,0.531,0.469,0.531,0.0,0.60402915,0.39597085,0.0,0.0,house,without_center
TN-8,-43.43803,Tennessee,0.48,0.15,0.36,661.0,0.469,0.028,0.469,0.531,0.469,0.531,0.0,0.71719015,0.28280985000000003,0.0,0.0,house,without_center
TN-9,42.61397,Tennessee,0.48,0.15,0.36,661.0,0.469,0.028,0.469,0.531,0.469,0.531,0.0,0.28693015,0.71306985,0.0,0.0,house,without_center
TX-1,-50.44604,Texas,0.39,0.21,0.4,2535.0,0.355,0.028,0.355,0.645,0.355,0.645,0.0,0.7522302000000001,0.24776979999999998,0.0,0.0,house,without_center
TX-2,-30.17885,Texas,0.39,0.21,0.4,2535.0,0.355,0.028,0.355,0.645,0.355,0.645,0.0,0.65089425,0.34910575,0.0,0.0,house,without_center
TX-3,-23.43555,Texas,0.39,0.21,0.4,2535.0,0.355,0.028,0.355,0.645,0.355,0.645,0.0,0.61717775,0.38282225000000003,0.0,0.0,house,without_center
TX-4,-31.02175,Texas,0.39,0.21,0.4,2535.0,0.355,0.028,0.355,0.645,0.355,0.645,0.0,0.65510875,0.34489125,0.0,0.0,house,without_center
TX-5,-27.25241,Texas,0.39,0.21,0.4,2535.0,0.355,0.028,0.355,0.645,0.355,0.645,0.0,0.63626205,0.36373795,0.0,0.0,house,without_center
TX-6,-24.66288,Texas,0.39,0.21,0.4,2535.0,0.355,0.028,0.355,0.645,0.355,0.645,0.0,0.6233144,0.3766856,0.0,0.0,house,without_center
TX-7,24.03019,Texas,0.39,0.21,0.4,2535.0,0.355,0.028,0.355,0.645,0.355,0.645,0.0,0.37984905,0.62015095,0.0,0.0,house,without_center
TX-8,-26.18461,Texas,0.39,0.21,0.4,2535.0,0.355,0.028,0.355,0.645,0.355,0.645,0.0,0.63092305,0.36907695,0.0,0.0,house,without_center
TX-9,49.13762,Texas,0.39,0.21,0.4,2535.0,0.355,0.028,0.355,0.645,0.355,0.645,0.0,0.25431190000000004,0.7456881,0.0,0.0,house,without_center
TX-10,-24.10808,Texas,0.39,0.21,0.4,2535.0,0.355,0.028,0.355,0.645,0.355,0.645,0.0,0.6205404,0.3794596,0.0,0.0,house,without_center
TX-11,-41.39535,Texas,0.39,0.21,0.4,2535.0,0.355,0.028,0.355,0.645,0.355,0.645,0.0,0.70697675,0.29302324999999996,0.0,0.0,house,without_center
TX-12,-24.75644,Texas,0.39,0.21,0.4,2535.0,0.355,0.028,0.355,0.645,0.355,0.645,0.0,0.6237822,0.3762178,0.0,0.0,house,without_center
TX-13,-45.57151,Texas,0.39,0.21,0.4,2535.0,0.355,0.028,0.355,0.645,0.355,0.645,0.0,0.72785755,0.27214245,0.0,0.0,house,without_center
TX-14,-35.69578,Texas,0.39,0.21,0.4,2535.0,0.355,0.028,0.355,0.645,0.355,0.645,0.0,0.6784789,0.3215211,0.0,0.0,house,without_center
TX-15,-0.0693792,Texas,0.39,0.21,0.4,2535.0,0.355,0.028,0.355,0.645,0.355,0.645,0.0,0.500346896,0.499653104,0.0,0.0,house,without_center
TX-16,32.62066,Texas,0.39,0.21,0.4,2535.0,0.355,0.028,0.355,0.645,0.355,0.645,0.0,0.3368967,0.6631033,0.0,0.0,house,without_center
TX-17,-27.51198,Texas,0.39,0.21,0.4,2535.0,0.355,0.028,0.355,0.645,0.355,0.645,0.0,0.6375599000000001,0.3624401,0.0,0.0,house,without_center
TX-18,42.68352,Texas,0.39,0.21,0.4,2535.0,0.355,0.028,0.355,0.645,0.355,0.645,0.0,0.2865824,0.7134176,0.0,0.0,house,without_center
TX-19,-53.77625,Texas,0.39,0.21,0.4,2535.0,0.355,0.028,0.355,0.645,0.355,0.645,0.0,0.76888125,0.23111875000000004,0.0,0.0,house,without_center
TX-20,26.46199,Texas,0.39,0.21,0.4,2535.0,0.355,0.028,0.355,0.645,0.355,0.645,0.0,0.36769005,0.63230995,0.0,0.0,house,without_center
TX-21,-24.89041,Texas,0.39,0.21,0.4,2535.0,0.355,0.028,0.355,0.645,0.355,0.645,0.0,0.62445205,0.37554795,0.0,0.0,house,without_center
TX-22,-24.11781,Texas,0.39,0.21,0.4,2535.0,0.355,0.028,0.355,0.645,0.355,0.645,0.0,0.62058905,0.37941095,0.0,0.0,house,without_center
TX-23,-13.26878,Texas,0.39,0.21,0.4,2535.0,0.355,0.028,0.355,0.645,0.355,0.645,0.0,0.5663439,0.4336561,0.0,0.0,house,without_center
TX-24,-22.75551,Texas,0.39,0.21,0.4,2535.0,0.355,0.028,0.355,0.645,0.355,0.645,0.0,0.61377755,0.38622245,0.0,0.0,house,without_center
TX-25,-30.46035,Texas,0.39,0.21,0.4,2535.0,0.355,0.028,0.355,0.645,0.355,0.645,0.0,0.65230175,0.34769825,0.0,0.0,house,without_center
TX-26,-26.55441,Texas,0.39,0.21,0.4,2535.0,0.355,0.028,0.355,0.645,0.355,0.645,0.0,0.63277205,0.36722794999999997,0.0,0.0,house,without_center
TX-27,-28.26985,Texas,0.39,0.21,0.4,2535.0,0.355,0.028,0.355,0.645,0.355,0.645,0.0,0.64134925,0.35865075,0.0,0.0,house,without_center
TX-28,6.08272,Texas,0.39,0.21,0.4,2535.0,0.355,0.028,0.355,0.645,0.355,0.645,0.0,0.4695864,0.5304136,0.0,0.0,house,without_center
TX-29,35.00082,Texas,0.39,0.21,0.4,2535.0,0.355,0.028,0.355,0.645,0.355,0.645,0.0,0.3249959,0.6750041,0.0,0.0,house,without_center
TX-30,50.44692,Texas,0.39,0.21,0.4,2535.0,0.355,0.028,0.355,0.645,0.355,0.645,0.0,0.24776540000000002,0.7522346,0.0,0.0,house,without_center
TX-31,-27.78261,Texas,0.39,0.21,0.4,2535.0,0.355,0.028,0.355,0.645,0.355,0.645,0.0,0.63891305,0.36108695,0.0,0.0,house,without_center
TX-32,24.14752,Texas,0.39,0.21,0.4,2535.0,0.355,0.028,0.355,0.645,0.355,0.645,0.0,0.3792624,0.6207376,0.0,0.0,house,without_center
TX-33,43.78645,Texas,0.39,0.21,0.4,2535.0,0.355,0.028,0.355,0.645,0.355,0.645,0.0,0.28106774999999995,0.71893225,0.0,0.0,house,without_center
TX-34,16.98242,Texas,0.39,0.21,0.4,2535.0,0.355,0.028,0.355,0.645,0.355,0.645,0.0,0.4150879,0.5849121,0.0,0.0,house,without_center
TX-35,37.71552,Texas,0.39,0.21,0.4,2535.0,0.355,0.028,0.355,0.645,0.355,0.645,0.0,0.3114224,0.6885776,0.0,0.0,house,without_center
TX-36,-35.29595,Texas,0.39,0.21,0.4,2535.0,0.355,0.028,0.355,0.645,0.355,0.645,0.0,0.6764797499999999,0.32352025,0.0,0.0,house,without_center
TX-37,43.85196,Texas,0.39,0.21,0.4,2535.0,0.355,0.028,0.355,0.645,0.355,0.645,0.0,0.2807402,0.7192598,0.0,0.0,house,without_center
TX-38,-27.06054,Texas,0.39,0.21,0.4,2535.0,0.355,0.028,0.355,0.645,0.355,0.645,0.0,0.6353027,0.3646973,0.0,0.0,house,without_center
UT-1,-24.473,Utah,0.54,0.16,0.3,315.0,0.397,0.028,0.397,0.603,0.397,0.603,0.0,0.6223650000000001,0.377635,0.0,0.0,house,without_center
UT-2,-23.21043,Utah,0.54,0.16,0.3,315.0,0.397,0.028,0.397,0.603,0.397,0.603,0.0,0.61605215,0.38394785,0.0,0.0,house,without_center
UT-3,-26.02263,Utah,0.54,0.16,0.3,315.0,0.397,0.028,0.397,0.603,0.397,0.603,0.0,0.63011315,0.36988685,0.0,0.0,house,without_center
UT-4,-30.4835,Utah,0.54,0.16,0.3,315.0,0.397,0.028,0.397,0.603,0.397,0.603,0.0,0.6524175,0.3475825,0.0,0.0,house,without_center
VA-1,-14.65879,Virginia,0.43,0.18,0.39,882.0,0.353,0.028,0.353,0.647,0.353,0.647,0.0,0.57329395,0.42670605,0.0,0.0,house,without_center
VA-2,-6.693087,Virginia,0.43,0.18,0.39,882.0,0.353,0.028,0.353,0.647,0.353,0.647,0.0,0.533465435,0.466534565,0.0,0.0,house,without_center
VA-3,31.38345,Virginia,0.43,0.18,0.39,882.0,0.353,0.028,0.353,0.647,0.353,0.647,0.0,0.34308275,0.65691725,0.0,0.0,house,without_center
VA-4,29.15058,Virginia,0.43,0.18,0.39,882.0,0.353,0.028,0.353,0.647,0.353,0.647,0.0,0.3542471,0.6457529,0.0,0.0,house,without_center
VA-5,-14.89142,Virginia,0.43,0.18,0.39,882.0,0.353,0.028,0.353,0.647,0.353,0.647,0.0,0.5744571,0.4255429,0.0,0.0,house,without_center
VA-6,-28.83605,Virginia,0.43,0.18,0.39,882.0,0.353,0.028,0.353,0.647,0.353,0.647,0.0,0.64418025,0.35581975,0.0,0.0,house,without_center
VA-7,1.365047,Virginia,0.43,0.18,0.39,882.0,0.353,0.028,0.353,0.647,0.353,0.647,0.0,0.493174765,0.506825235,0.0,0.0,house,without_center
VA-8,48.51135,Virginia,0.43,0.18,0.39,882.0,0.353,0.028,0.353,0.647,0.353,0.647,0.0,0.25744325,0.74255675,0.0,0.0,house,without_center
VA-9,-47.12505,Virginia,0.43,0.18,0.39,882.0,0.353,0.028,0.353,0.647,0.353,0.647,0.0,0.73562525,0.26437475,0.0,0.0,house,without_center
VA-10,6.80068,Virginia,0.43,0.18,0.39,882.0,0.353,0.028,0.353,0.647,0.353,0.647,0.0,0.4659966,0.5340034,0.0,0.0,house,without_center
VA-11,32.06858,Virginia,0.43,0.18,0.39,882.0,0.353,0.028,0.353,0.647,0.353,0.647,0.0,0.33965710000000005,0.6603429,0.0,0.0,house,without_center
VT-1,27.77973,Vermont,0.29,0.14,0.57,306.0,0.503,0.028,0.503,0.497,0.503,0.497,0.0,0.36110135,0.63889865,0.0,0.0,house,without_center
WA-1,22.98378,Washington,0.33,0.23,0.44,714.0,0.321,0.028,0.321,0.679,0.321,0.679,0.0,0.3850811,0.6149188999999999,0.0,0.0,house,without_center
WA-2,15.78128,Washington,0.33,0.23,0.44,714.0,0.321,0.028,0.321,0.679,0.321,0.679,0.0,0.4210936,0.5789064,0.0,0.0,house,without_center
WA-3,-11.21785,Washington,0.33,0.23,0.44,714.0,0.321,0.028,0.321,0.679,0.321,0.679,0.0,0.55608925,0.44391075,0.0,0.0,house,without_center
WA-4,-24.55468,Washington,0.33,0.23,0.44,714.0,0.321,0.028,0.321,0.679,0.321,0.679,0.0,0.6227734,0.37722659999999997,0.0,0.0,house,without_center
WA-5,-16.67488,Washington,0.33,0.23,0.44,714.0,0.321,0.028,0.321,0.679,0.321,0.679,0.0,0.5833744000000001,0.4166256,0.0,0.0,house,without_center
WA-6,9.750251,Washington,0.33,0.23,0.44,714.0,0.321,0.028,0.321,0.679,0.321,0.679,0.0,0.451248745,0.548751255,0.0,0.0,house,without_center
WA-7,68.03828,Washington,0.33,0.23,0.44,714.0,0.321,0.028,0.321,0.679,0.321,0.679,0.0,0.15980860000000002,0.8401913999999999,0.0,0.0,house,without_center
WA-8,0.2929841,Washington,0.33,0.23,0.44,714.0,0.321,0.028,0.321,0.679,0.321,0.679,0.0,0.4985350795,0.5014649205,0.0,0.0,house,without_center
WA-9,38.41735,Washington,0.33,0.23,0.44,714.0,0.321,0.028,0.321,0.679,0.321,0.679,0.0,0.30791325,0.69208675,0.0,0.0,house,without_center
WA-10,10.39405,Washington,0.33,0.23,0.44,714.0,0.321,0.028,0.321,0.679,0.321,0.679,0.0,0.44802975,0.55197025,0.0,0.0,house,without_center
WI-1,-6.193876,Wisconsin,0.42,0.16,0.42,600.0,0.471,0.028,0.471,0.529,0.471,0.529,0.0,0.53096938,0.46903062,0.0,0.0,house,without_center
WI-2,36.34102,Wisconsin,0.42,0.16,0.42,600.0,0.471,0.028,0.471,0.529,0.471,0.529,0.0,0.3182949,0.6817051000000001,0.0,0.0,house,without_center
WI-3,-8.386776,Wisconsin,0.42,0.16,0.42,600.0,0.471,0.028,0.471,0.529,0.471,0.529,0.0,0.54193388,0.45806612,0.0,0.0,house,without_center
WI-4,47.85919,Wisconsin,0.42,0.16,0.42,600.0,0.471,0.028,0.471,0.529,0.471,0.529,0.0,0.26070405,0.73929595,0.0,0.0,house,without_center
WI-5,-28.14144,Wisconsin,0.42,0.16,0.42,600.0,0.471,0.028,0.471,0.529,0.471,0.529,0.0,0.6407072,0.35929279999999997,0.0,0.0,house,without_center
WI-6,-20.01838,Wisconsin,0.42,0.16,0.42,600.0,0.471,0.028,0.471,0.529,0.471,0.529,0.0,0.6000919,0.3999081,0.0,0.0,house,without_center
WI-7,-23.92584,Wisconsin,0.42,0.16,0.42,600.0,0.471,0.028,0.471,0.529,0.471,0.529,0.0,0.6196292,0.3803708,0.0,0.0,house,without_center
WI-8,-19.91714,Wisconsin,0.42,0.16,0.42,600.0,0.471,0.028,0.471,0.529,0.471,0.529,0.0,0.5995857,0.4004143,0.0,0.0,house,without_center
WV-1,-34.6786,West Virginia,0.43,0.16,0.41,309.0,0.6,0.028,0.6,0.4,0.6,0.4,0.0,0.673393,0.326607,0.0,0.0,house,without_center
WV-2,-34.0883,West Virginia,0.43,0.16,0.41,309.0,0.6,0.028,0.6,0.4,0.6,0.4,0.0,0.6704415,0.3295585,0.0,0.0,house,without_center
WY-1,-49.86651,Wyoming,0.57,0.18,0.25,316.0,0.607,0.032,0.607,0.393,0.607,0.393,0.0,0.74933255,0.25066745,0.0,0.0,house,without_center
Alabama,-29.728437142857143,Alabama,0.52,0.13,0.35000000000000003,511.0,0.528,0.028,0.528,0.472,0.528,0.472,0.0,0.6486421857142857,0.3513578142857143,0.0,0.0,senate,without_center
Alaska,-14.6111,Alaska,0.39,0.29,0.32,310.0,0.572,0.032,0.572,0.42800000000000005,0.572,0.42800000000000005,0.0,0.5730554999999999,0.4269445,0.0,0.0,senate,without_center
Arizona,-3.824957222222222,Arizona,0.4,0.21,0.39,653.0,0.36,0.028,0.36,0.64,0.36,0.64,0.0,0.5191247861111111,0.4808752138888889,0.0,0.0,senate,without_center
Arkansas,-31.9002125,Arkansas,0.46,0.16,0.38,311.0,0.518,0.028,0.518,0.482,0.518,0.482,0.0,0.6595010625,0.3404989375,0.0,0.0,senate,without_center
California,26.20730242307693,California,0.30000000000000004,0.21000000000000008,0.48999999999999994,3697.0,0.163,0.028000000000000004,0.163,0.8370000000000002,0.163,0.8370000000000002,0.0,0.36896348788461536,0.6310365121153846,0.0,0.0,senate,without_center
Colorado,6.323284500000001,Colorado,0.41,0.17,0.42,504.0,0.379,0.028,0.379,0.621,0.379,0.621,0.0,0.46838357750000004,0.5316164225,0.0,0.0,senate,without_center
Connecticut,12.2597628,Connecticut,0.32,0.18,0.5,377.0,0.188,0.028000000000000004,0.188,0.812,0.188,0.812,0.0,0.438701186,0.5612988139999999,0.0,0.0,senate,without_center
Delaware,13.92317,Delaware,0.29,0.17,0.55,301.0,0.387,0.028,0.387,0.613,0.387,0.613,0.0,0.43038414999999997,0.56961585,0.0,0.0,senate,without_center
Florida,-6.056758939285714,Florida,0.36999999999999983,0.19000000000000009,0.43999999999999995,2020.0,0.288,0.028000000000000004,0.288,0.712,0.288,0.712,0.0,0.5302837946964286,0.46971620530357144,0.0,0.0,senate,without_center
Georgia,-6.901201785714286,Georgia,0.41000000000000003,0.18,0.41000000000000003,968.0,0.3769999999999999,0.028000000000000008,0.3769999999999999,0.623,0.3769999999999999,0.623,0.0,0.5345060089285715,0.4654939910714285,0.0,0.0,senate,without_center
Hawaii,31.816015,Hawaii,0.28,0.2,0.51,312.0,0.091,0.032,0.091,0.909,0.091,0.909,0.0,0.340919925,0.659080075,0.0,0.0,senate,without_center
Idaho,-36.09103,Idaho,0.49,0.19,0.32,320.0,0.578,0.032,0.578,0.42200000000000004,0.578,0.42200000000000004,0.0,0.68045515,0.31954485,0.0,0.0,senate,without_center
Illinois,14.926163588235294,Illinois,0.33,0.19,0.48,1326.0,0.226,0.028,0.226,0.774,0.226,0.774,0.0,0.42536918205882346,0.5746308179411765,0.0,0.0,senate,without_center
Indiana,-19.413207999999997,Indiana,0.42,0.2,0.37,654.0,0.424,0.028,0.424,0.5760000000000001,0.424,0.5760000000000001,0.0,0.5970660400000001,0.40293396,0.0,0.0,senate,without_center
Iowa,-9.7422845,Iowa,0.41,0.19,0.4,330.0,0.385,0.032,0.385,0.615,0.385,0.615,0.0,0.5487114224999999,0.45128857749999995,0.0,0.0,senate,without_center
Kansas,-21.52237225,Kansas,0.46,0.23,0.31,307.0,0.423,0.028,0.423,0.577,0.423,0.577,0.0,0.60761186125,0.39238813875,0.0,0.0,senate,without_center
Kentucky,-27.86210833333334,Kentucky,0.44,0.13,0.43,439.0,0.525,0.028,0.525,0.47500000000000003,0.525,0.47500000000000003,0.0,0.6393105416666667,0.3606894583333333,0.0,0.0,senate,without_center
Louisiana,-19.6832,Louisiana,0.41,0.16,0.43,465.0,0.523,0.028,0.523,0.4769999999999999,0.523,0.4769999999999999,0.0,0.598416,0.40158399999999994,0.0,0.0,senate,without_center
Maine,2.8579950000000007,Maine,0.36,0.17,0.47,303.0,0.477,0.032,0.477,0.523,0.477,0.523,0.0,0.485710025,0.5142899750000001,0.0,0.0,senate,without_center
Maryland,26.169791575,Maryland,0.31,0.14,0.55,644.0,0.167,0.028,0.167,0.833,0.167,0.833,0.0,0.369151042125,0.630848957875,0.0,0.0,senate,without_center
Massachusetts,33.94325555555556,Massachusetts,0.27,0.17,0.56,704.0,0.09,0.028,0.09,0.9099999999999999,0.09,0.9099999999999999,0.0,0.33028372222222224,0.6697162777777778,0.0,0.0,senate,without_center
Michigan,-0.4524960769230759,Michigan,0.33999999999999997,0.18999999999999997,0.46999999999999986,982.0,0.3890000000000001,0.028000000000000008,0.3890000000000001,0.6109999999999999,0.3890000000000001,0.6109999999999999,0.0,0.5022624803846154,0.4977375196153847,0.0,0.0,senate,without_center
Minnesota,2.0465180000000007,Minnesota,0.39,0.15,0.46,563.0,0.391,0.028,0.391,0.609,0.391,0.609,0.0,0.48976741,0.51023259,0.0,0.0,senate,without_center
Mississippi,-20.450697499999997,Mississippi,0.44,0.14,0.42,309.0,0.541,0.028,0.541,0.45899999999999996,0.541,0.45899999999999996,0.0,0.6022534875,0.39774651250000004,0.0,0.0,senate,without_center
Missouri,-20.700872500000003,Missouri,0.41,0.18,0.42,642.0,0.528,0.028,0.528,0.472,0.528,0.472,0.0,0.6035043625000001,0.3964956375,0.0,0.0,senate,without_center
Montana,-19.838439,Montana,0.49,0.21,0.3,312.0,0.65,0.032,0.65,0.35,0.65,0.35,0.0,0.5991921950000001,0.400807805,0.0,0.0,senate,without_center
Nebraska,-25.36994266666667,Nebraska,0.47,0.17,0.36000000000000004,312.0,0.39200000000000007,0.028,0.39200000000000007,0.608,0.39200000000000007,0.608,0.0,0.6268497133333333,0.3731502866666667,0.0,0.0,senate,without_center
Nevada,-0.6144990000000004,Nevada,0.37,0.18,0.46,314.0,0.329,0.028,0.329,0.671,0.329,0.671,0.0,0.5030724950000001,0.496927505,0.0,0.0,senate,without_center
New Hampshire,0.5904515000000001,New Hampshire,0.35,0.2,0.44,303.0,0.463,0.032,0.463,0.5369999999999999,0.463,0.5369999999999999,0.0,0.4970477425,0.5029522575,0.0,0.0,senate,without_center
New Jersey,13.712385416666665,New Jersey,0.29999999999999993,0.18999999999999997,0.5099999999999999,886.0,0.08899999999999998,0.028000000000000008,0.08899999999999998,0.9109999999999999,0.08899999999999998,0.9109999999999999,0.0,0.43143807291666664,0.5685619270833334,0.0,0.0,senate,without_center
New Mexico,6.736776666666667,New Mexico,0.36999999999999994,0.15,0.48,312.0,0.359,0.028,0.359,0.641,0.359,0.641,0.0,0.46631611666666667,0.5336838833333334,0.0,0.0,senate,without_center
New York,24.14749506538461,New York,0.28,0.19000000000000006,0.53,1966.0,0.145,0.028000000000000004,0.145,0.855,0.145,0.855,0.0,0.379262524673077,0.620737475326923,0.0,0.0,senate,without_center
North Carolina,-4.908561357142858,North Carolina,0.41000000000000003,0.16999999999999998,0.4299999999999999,1022.0,0.37100000000000005,0.028000000000000008,0.37100000000000005,0.6289999999999998,0.37100000000000005,0.6289999999999998,0.0,0.5245428067857143,0.47545719321428576,0.0,0.0,senate,without_center
North Dakota,-37.06978,North Dakota,0.5,0.18,0.33,338.0,0.533,0.032,0.533,0.46699999999999997,0.533,0.46699999999999997,0.0,0.6853489,0.31465109999999996,0.0,0.0,senate,without_center
Ohio,-11.706232933333334,Ohio,0.42,0.18000000000000002,0.40000000000000013,1132.0,0.4189999999999998,0.02800000000000001,0.4189999999999998,0.5809999999999997,0.4189999999999998,0.5809999999999997,0.0,0.5585311646666667,0.4414688353333333,0.0,0.0,senate,without_center
Oklahoma,-37.782835999999996,Oklahoma,0.45,0.15,0.4,391.0,0.549,0.028000000000000004,0.549,0.45099999999999996,0.549,0.45099999999999996,0.0,0.68891418,0.31108582,0.0,0.0,senate,without_center
Oregon,11.517054,Oregon,0.32,0.21,0.4699999999999999,419.0,0.414,0.032,0.414,0.5860000000000002,0.414,0.5860000000000002,0.0,0.44241473000000003,0.55758527,0.0,0.0,senate,without_center
Pennsylvania,-3.0848981705882363,Pennsylvania,0.39,0.15,0.46,1366.0,0.402,0.028,0.402,0.598,0.402,0.598,0.0,0.5154244908529412,0.48457550914705877,0.0,0.0,senate,without_center
Rhode Island,24.077325000000002,Rhode Island,0.3,0.22,0.48,305.0,0.139,0.028,0.139,0.861,0.139,0.861,0.0,0.37961337500000003,0.620386625,0.0,0.0,senate,without_center
South Carolina,-19.295045714285717,South Carolina,0.43000000000000005,0.17999999999999997,0.39000000000000007,495.0,0.45000000000000007,0.028,0.45000000000000007,0.5499999999999999,0.45000000000000007,0.5499999999999999,0.0,0.5964752285714285,0.4035247714285714,0.0,0.0,senate,without_center
South Dakota,-32.0032,South Dakota,0.53,0.1,0.37,305.0,0.55,0.028,0.55,0.44999999999999996,0.55,0.44999999999999996,0.0,0.6600159999999999,0.339984,0.0,0.0,senate,without_center
Tennessee,-28.025643333333335,Tennessee,0.48000000000000004,0.15,0.36,661.0,0.46900000000000003,0.028,0.46900000000000003,0.531,0.46900000000000003,0.531,0.0,0.6401282166666666,0.35987178333333336,0.0,0.0,senate,without_center
Texas,-7.7256518210526295,Texas,0.3900000000000001,0.21,0.4000000000000001,2535.0,0.35500000000000004,0.028,0.35500000000000004,0.6449999999999999,0.35500000000000004,0.6449999999999999,0.0,0.5386282591052631,0.46137174089473687,0.0,0.0,senate,without_center
Utah,-26.04739,Utah,0.54,0.16,0.3,315.0,0.397,0.028,0.397,0.603,0.397,0.603,0.0,0.63023695,0.36976305,0.0,0.0,senate,without_center
Vermont,27.77973,Vermont,0.29,0.14,0.57,306.0,0.503,0.028,0.503,0.497,0.503,0.497,0.0,0.36110135,0.63889865,0.0,0.0,senate,without_center
Virginia,3.3704809090909085,Virginia,0.42999999999999994,0.17999999999999997,0.39,882.0,0.3529999999999999,0.028000000000000004,0.3529999999999999,0.6470000000000001,0.3529999999999999,0.6470000000000001,0.0,0.4831475954545455,0.5168524045454546,0.0,0.0,senate,without_center
Washington,11.32105651,Washington,0.33,0.23000000000000004,0.44000000000000006,714.0,0.32100000000000006,0.028000000000000004,0.32100000000000006,0.679,0.32100000000000006,0.679,0.0,0.44339471745000003,0.55660528255,0.0,0.0,senate,without_center
West Virginia,-34.383449999999996,West Virginia,0.43,0.16,0.41,309.0,0.6,0.028,0.6,0.4,0.6,0.4,0.0,0.67191725,0.32808275,0.0,0.0,senate,without_center
Wisconsin,-2.7979052499999995,Wisconsin,0.42,0.16,0.42,600.0,0.471,0.028,0.471,0.529,0.471,0.529,0.0,0.51398952625,0.48601047375,0.0,0.0,senate,without_center
Wyoming,-49.86651,Wyoming,0.57,0.18,0.25,316.0,0.607,0.032,0.607,0.393,0.607,0.393,0.0,0.74933255,0.25066745,0.0,0.0,senate,without_center
